a1,a2,a3,a4,a5,h1,h2,h3,h4,h5,period,time,team,etype,assist,away,block,entered,home,left,num,opponent,outof,player,points,possession,reason,result,steal,type,x,y
Kendrick Perkins,Kevin Garnett,Paul Pierce,Rajon Rondo,Ray Allen,Anderson Varejao,Anthony Parker,LeBron James,Mo Williams,Shaquille O'Neal,1,12:00,OFF,jump ball,,Kendrick Perkins,,,Shaquille O'Neal,,,,,,,Anderson Varejao,,,,,,
Kendrick Perkins,Kevin Garnett,Paul Pierce,Rajon Rondo,Ray Allen,Anderson Varejao,Anthony Parker,LeBron James,Mo Williams,Shaquille O'Neal,1,11:31,CLE,shot,Shaquille O'Neal,,,,,,,,,Anderson Varejao,2,,,made,,step back jump,21,15
Kendrick Perkins,Kevin Garnett,Paul Pierce,Rajon Rondo,Ray Allen,Anderson Varejao,Anthony Parker,LeBron James,Mo Williams,Shaquille O'Neal,1,11:12,BOS,shot,,,,,,,,,,Ray Allen,,,,missed,,jump,4,14
Kendrick Perkins,Kevin Garnett,Paul Pierce,Rajon Rondo,Ray Allen,Anderson Varejao,Anthony Parker,LeBron James,Mo Williams,Shaquille O'Neal,1,11:10,CLE,rebound,,,,,,,,,,Shaquille O'Neal,,,,,,def,,
Kendrick Perkins,Kevin Garnett,Paul Pierce,Rajon Rondo,Ray Allen,Anderson Varejao,Anthony Parker,LeBron James,Mo Williams,Shaquille O'Neal,1,11:03,CLE,shot,,,,,,,,,,LeBron James,2,,,made,,jump,12,25
Kendrick Perkins,Kevin Garnett,Paul Pierce,Rajon Rondo,Ray Allen,Anderson Varejao,Anthony Parker,LeBron James,Mo Williams,Shaquille O'Neal,1,10:46,BOS,shot,,,,,,,,,,Kevin Garnett,2,,,made,,running hook,21,14
Kendrick Perkins,Kevin Garnett,Paul Pierce,Rajon Rondo,Ray Allen,Anderson Varejao,Anthony Parker,LeBron James,Mo Williams,Shaquille O'Neal,1,10:26,CLE,shot,Mo Williams,,,,,,,,,Anderson Varejao,2,,,made,,jump,22,14
Kendrick Perkins,Kevin Garnett,Paul Pierce,Rajon Rondo,Ray Allen,Anderson Varejao,Anthony Parker,LeBron James,Mo Williams,Shaquille O'Neal,1,10:13,BOS,turnover,,,,,,,,,,Ray Allen,,,bad pass,,Anthony Parker,,,
Kendrick Perkins,Kevin Garnett,Paul Pierce,Rajon Rondo,Ray Allen,Anderson Varejao,Anthony Parker,LeBron James,Mo Williams,Shaquille O'Neal,1,10:06,CLE,shot,Anthony Parker,,,,,,,,,LeBron James,2,,,made,,alley oop layup,25,7
Kendrick Perkins,Kevin Garnett,Paul Pierce,Rajon Rondo,Ray Allen,Anderson Varejao,Anthony Parker,LeBron James,Mo Williams,Shaquille O'Neal,1,9:45,BOS,shot,,,Shaquille O'Neal,,,,,,,Ray Allen,,,,missed,,jump,18,9
Kendrick Perkins,Kevin Garnett,Paul Pierce,Rajon Rondo,Ray Allen,Anderson Varejao,Anthony Parker,LeBron James,Mo Williams,Shaquille O'Neal,1,9:44,CLE,rebound,,,,,,,,,,,,,,,,,,
Kendrick Perkins,Kevin Garnett,Paul Pierce,Rajon Rondo,Ray Allen,Anderson Varejao,Anthony Parker,LeBron James,Mo Williams,Shaquille O'Neal,1,9:36,CLE,shot,,,Paul Pierce,,,,,,,Anderson Varejao,,,,missed,,jump,25,9
Kendrick Perkins,Kevin Garnett,Paul Pierce,Rajon Rondo,Ray Allen,Anderson Varejao,Anthony Parker,LeBron James,Mo Williams,Shaquille O'Neal,1,9:34,CLE,rebound,,,,,,,,,,Anderson Varejao,,,,,,off,,
Kendrick Perkins,Kevin Garnett,Paul Pierce,Rajon Rondo,Ray Allen,Anderson Varejao,Anthony Parker,LeBron James,Mo Williams,Shaquille O'Neal,1,9:27,CLE,shot,Anthony Parker,,,,,,,,,Mo Williams,2,,,made,,jump,26,22
Kendrick Perkins,Kevin Garnett,Paul Pierce,Rajon Rondo,Ray Allen,Anderson Varejao,Anthony Parker,LeBron James,Mo Williams,Shaquille O'Neal,1,9:14,CLE,foul,,,,,,,,Kevin Garnett,,Anderson Varejao,,,,,,personal,,
Kendrick Perkins,Kevin Garnett,Paul Pierce,Rajon Rondo,Ray Allen,Anderson Varejao,Anthony Parker,LeBron James,Mo Williams,Shaquille O'Neal,1,9:06,BOS,shot,,,LeBron James,,,,,,,Kevin Garnett,,,,missed,,jump,18,11
Kendrick Perkins,Kevin Garnett,Paul Pierce,Rajon Rondo,Ray Allen,Anderson Varejao,Anthony Parker,LeBron James,Mo Williams,Shaquille O'Neal,1,9:04,CLE,rebound,,,,,,,,,,Shaquille O'Neal,,,,,,def,,
Kendrick Perkins,Kevin Garnett,Paul Pierce,Rajon Rondo,Ray Allen,Anderson Varejao,Anthony Parker,LeBron James,Mo Williams,Shaquille O'Neal,1,8:54,CLE,shot,LeBron James,,,,,,,,,Anthony Parker,3,,,made,,3pt,48,10
Kendrick Perkins,Kevin Garnett,Paul Pierce,Rajon Rondo,Ray Allen,Anderson Varejao,Anthony Parker,LeBron James,Mo Williams,Shaquille O'Neal,1,8:49,BOS,timeout,,,,,,,,,,,,,,,,regular,,
Kendrick Perkins,Kevin Garnett,Paul Pierce,Rajon Rondo,Ray Allen,Anderson Varejao,Anthony Parker,LeBron James,Mo Williams,Shaquille O'Neal,1,8:35,BOS,shot,,,LeBron James,,,,,,,Paul Pierce,,,,missed,,step back jump,9,10
Kendrick Perkins,Kevin Garnett,Paul Pierce,Rajon Rondo,Ray Allen,Anderson Varejao,Anthony Parker,LeBron James,Mo Williams,Shaquille O'Neal,1,8:32,CLE,rebound,,,,,,,,,,Shaquille O'Neal,,,,,,def,,
Kendrick Perkins,Kevin Garnett,Paul Pierce,Rajon Rondo,Ray Allen,Anderson Varejao,Anthony Parker,LeBron James,Mo Williams,Shaquille O'Neal,1,8:15,CLE,shot,,,Kevin Garnett,,,,,,,Anderson Varejao,,,,missed,,layup,24,6
Kendrick Perkins,Kevin Garnett,Paul Pierce,Rajon Rondo,Ray Allen,Anderson Varejao,Anthony Parker,LeBron James,Mo Williams,Shaquille O'Neal,1,8:11,CLE,rebound,,,,,,,,,,Anderson Varejao,,,,,,off,,
Kendrick Perkins,Kevin Garnett,Paul Pierce,Rajon Rondo,Ray Allen,Anderson Varejao,Anthony Parker,LeBron James,Mo Williams,Shaquille O'Neal,1,8:09,CLE,shot,,,Kevin Garnett,,,,,,,Anderson Varejao,,,,missed,,layup,25,7
Kendrick Perkins,Kevin Garnett,Paul Pierce,Rajon Rondo,Ray Allen,Anderson Varejao,Anthony Parker,LeBron James,Mo Williams,Shaquille O'Neal,1,8:07,BOS,rebound,,,,,,,,,,Paul Pierce,,,,,,def,,
Kendrick Perkins,Kevin Garnett,Paul Pierce,Rajon Rondo,Ray Allen,Anderson Varejao,Anthony Parker,LeBron James,Mo Williams,Shaquille O'Neal,1,8:05,BOS,shot,Rajon Rondo,,,,,,,,,Paul Pierce,2,,,made,,dunk,25,7
Kendrick Perkins,Kevin Garnett,Paul Pierce,Rajon Rondo,Ray Allen,Anderson Varejao,Anthony Parker,LeBron James,Mo Williams,Shaquille O'Neal,1,7:38,CLE,shot,Mo Williams,,,,,,,,,Shaquille O'Neal,2,,,made,,jump,25,12
Kendrick Perkins,Kevin Garnett,Paul Pierce,Rajon Rondo,Ray Allen,Anderson Varejao,Anthony Parker,LeBron James,Mo Williams,Shaquille O'Neal,1,7:28,BOS,turnover,,,,,,,,,,Rajon Rondo,,,bad pass,,Mo Williams,,,
Kendrick Perkins,Kevin Garnett,Paul Pierce,Rajon Rondo,Ray Allen,Anderson Varejao,Anthony Parker,LeBron James,Mo Williams,Shaquille O'Neal,1,7:24,BOS,foul,,,,,,,,Anthony Parker,,Ray Allen,,,,,,shooting,,
Kendrick Perkins,Kevin Garnett,Paul Pierce,Rajon Rondo,Ray Allen,Anderson Varejao,Anthony Parker,LeBron James,Mo Williams,Shaquille O'Neal,1,7:24,CLE,free throw,,,,,,,1,,2,Anthony Parker,,,foul,made,,,,
Kendrick Perkins,Kevin Garnett,Paul Pierce,Rajon Rondo,Ray Allen,Anderson Varejao,Anthony Parker,LeBron James,Mo Williams,Shaquille O'Neal,1,7:24,CLE,free throw,,,,,,,2,,2,Anthony Parker,,,foul,made,,,,
Kendrick Perkins,Kevin Garnett,Paul Pierce,Rajon Rondo,Ray Allen,Anderson Varejao,Anthony Parker,LeBron James,Mo Williams,Shaquille O'Neal,1,7:13,CLE,foul,,,,,,,,Paul Pierce,,Shaquille O'Neal,,,,,,shooting,,
Kendrick Perkins,Kevin Garnett,Paul Pierce,Rajon Rondo,Ray Allen,Anderson Varejao,Anthony Parker,LeBron James,Mo Williams,Shaquille O'Neal,1,7:13,BOS,free throw,,,,,,,1,,2,Paul Pierce,,,foul,made,,,,
Kendrick Perkins,Kevin Garnett,Paul Pierce,Rajon Rondo,Ray Allen,Anderson Varejao,Anthony Parker,LeBron James,Mo Williams,Shaquille O'Neal,1,7:13,BOS,free throw,,,,,,,2,,2,Paul Pierce,,,foul,missed,,,,
Kendrick Perkins,Kevin Garnett,Paul Pierce,Rajon Rondo,Ray Allen,Anderson Varejao,Anthony Parker,LeBron James,Mo Williams,Shaquille O'Neal,1,7:12,CLE,rebound,,,,,,,,,,Shaquille O'Neal,,,,,,def,,
Kendrick Perkins,Kevin Garnett,Paul Pierce,Rajon Rondo,Ray Allen,Anderson Varejao,Anthony Parker,LeBron James,Mo Williams,Shaquille O'Neal,1,7:03,CLE,shot,LeBron James,,,,,,,,,Shaquille O'Neal,2,,,made,,jump hook,28,12
Kendrick Perkins,Kevin Garnett,Paul Pierce,Rajon Rondo,Ray Allen,Anderson Varejao,Anthony Parker,LeBron James,Mo Williams,Shaquille O'Neal,1,6:46,BOS,shot,,,,,,,,,,Kevin Garnett,,,,missed,,jump,29,10
Kendrick Perkins,Kevin Garnett,Paul Pierce,Rajon Rondo,Ray Allen,Anderson Varejao,Anthony Parker,LeBron James,Mo Williams,Shaquille O'Neal,1,6:45,CLE,rebound,,,,,,,,,,Anderson Varejao,,,,,,def,,
Kendrick Perkins,Kevin Garnett,Paul Pierce,Rajon Rondo,Ray Allen,Anderson Varejao,Anthony Parker,LeBron James,Mo Williams,Shaquille O'Neal,1,6:42,BOS,violation,,,,,,,,,,Rajon Rondo,,,,,,kicked ball,,
Kendrick Perkins,Kevin Garnett,Paul Pierce,Rajon Rondo,Ray Allen,Anderson Varejao,Anthony Parker,LeBron James,Mo Williams,Shaquille O'Neal,1,6:28,CLE,shot,,,,,,,,,,LeBron James,,,,missed,,3pt,13,28
Kendrick Perkins,Kevin Garnett,Paul Pierce,Rajon Rondo,Ray Allen,Anderson Varejao,Anthony Parker,LeBron James,Mo Williams,Shaquille O'Neal,1,6:27,BOS,rebound,,,,,,,,,,Kevin Garnett,,,,,,def,,
Kendrick Perkins,Kevin Garnett,Paul Pierce,Rajon Rondo,Ray Allen,Anderson Varejao,Anthony Parker,LeBron James,Mo Williams,Shaquille O'Neal,1,6:15,BOS,shot,,,,,,,,,,Rajon Rondo,2,,,made,,jump,38,26
Kendrick Perkins,Kevin Garnett,Paul Pierce,Rajon Rondo,Ray Allen,Anderson Varejao,Anthony Parker,LeBron James,Mo Williams,Shaquille O'Neal,1,5:48,CLE,shot,Anthony Parker,,,,,,,,,Shaquille O'Neal,2,,,made,,turnaround bank,20,12
Kendrick Perkins,Kevin Garnett,Paul Pierce,Rajon Rondo,Ray Allen,Anderson Varejao,Anthony Parker,LeBron James,Mo Williams,Shaquille O'Neal,1,5:30,BOS,shot,,,,,,,,,,Rajon Rondo,2,,,made,,running jump,26,10
Kendrick Perkins,Kevin Garnett,Paul Pierce,Rajon Rondo,Ray Allen,Anderson Varejao,Anthony Parker,LeBron James,Mo Williams,Shaquille O'Neal,1,5:22,CLE,shot,,,,,,,,,,Mo Williams,,,,missed,,jump,19,12
Kendrick Perkins,Kevin Garnett,Paul Pierce,Rajon Rondo,Ray Allen,Anderson Varejao,Anthony Parker,LeBron James,Mo Williams,Shaquille O'Neal,1,5:21,BOS,rebound,,,,,,,,,,Ray Allen,,,,,,def,,
Kendrick Perkins,Kevin Garnett,Paul Pierce,Rajon Rondo,Ray Allen,Anderson Varejao,Anthony Parker,LeBron James,Mo Williams,Shaquille O'Neal,1,5:16,BOS,shot,Rajon Rondo,,,,,,,,,Paul Pierce,3,,,made,,3pt,40,26
Kendrick Perkins,Kevin Garnett,Paul Pierce,Rajon Rondo,Ray Allen,Anderson Varejao,Anthony Parker,LeBron James,Mo Williams,Zydrunas Ilgauskas,1,4:54,CLE,sub,,,,Zydrunas Ilgauskas,,Shaquille O'Neal,,,,,,,,,,,,
Kevin Garnett,Paul Pierce,Rajon Rondo,Rasheed Wallace,Ray Allen,Anderson Varejao,Anthony Parker,LeBron James,Mo Williams,Zydrunas Ilgauskas,1,4:54,BOS,sub,,,,Rasheed Wallace,,Kendrick Perkins,,,,,,,,,,,,
Kevin Garnett,Paul Pierce,Rajon Rondo,Rasheed Wallace,Ray Allen,Anderson Varejao,Anthony Parker,Daniel Gibson,LeBron James,Zydrunas Ilgauskas,1,4:54,CLE,sub,,,,Daniel Gibson,,Mo Williams,,,,,,,,,,,,
Kevin Garnett,Paul Pierce,Rajon Rondo,Rasheed Wallace,Ray Allen,Anderson Varejao,Anthony Parker,Daniel Gibson,LeBron James,Zydrunas Ilgauskas,1,4:47,CLE,shot,,,,,,,,,,LeBron James,3,,,made,,3pt,42,35
Kevin Garnett,Paul Pierce,Rajon Rondo,Rasheed Wallace,Ray Allen,Anderson Varejao,Anthony Parker,Daniel Gibson,LeBron James,Zydrunas Ilgauskas,1,4:32,BOS,shot,Rajon Rondo,,,,,,,,,Kevin Garnett,2,,,made,,layup,25,6
Kevin Garnett,Paul Pierce,Rajon Rondo,Rasheed Wallace,Ray Allen,Anderson Varejao,Anthony Parker,Daniel Gibson,LeBron James,Zydrunas Ilgauskas,1,4:21,CLE,shot,Anderson Varejao,,,,,,,,,LeBron James,2,,,made,,layup,25,7
Kevin Garnett,Paul Pierce,Rajon Rondo,Rasheed Wallace,Ray Allen,Anderson Varejao,Anthony Parker,Daniel Gibson,LeBron James,Zydrunas Ilgauskas,1,4:08,BOS,turnover,,,,,,,,,,Rajon Rondo,,,bad pass,,,,,
Kevin Garnett,Marquis Daniels,Paul Pierce,Rajon Rondo,Rasheed Wallace,Anderson Varejao,Anthony Parker,Daniel Gibson,LeBron James,Zydrunas Ilgauskas,1,4:08,BOS,sub,,,,Marquis Daniels,,Ray Allen,,,,,,,,,,,,
Kevin Garnett,Marquis Daniels,Paul Pierce,Rajon Rondo,Rasheed Wallace,Anthony Parker,Daniel Gibson,J.J. Hickson,LeBron James,Zydrunas Ilgauskas,1,4:08,CLE,sub,,,,J.J. Hickson,,Anderson Varejao,,,,,,,,,,,,
Kevin Garnett,Marquis Daniels,Paul Pierce,Rajon Rondo,Rasheed Wallace,Anthony Parker,Daniel Gibson,J.J. Hickson,LeBron James,Zydrunas Ilgauskas,1,3:59,CLE,shot,,,,,,,,,,Zydrunas Ilgauskas,,,,missed,,jump,41,14
Kevin Garnett,Marquis Daniels,Paul Pierce,Rajon Rondo,Rasheed Wallace,Anthony Parker,Daniel Gibson,J.J. Hickson,LeBron James,Zydrunas Ilgauskas,1,3:58,BOS,rebound,,,,,,,,,,Kevin Garnett,,,,,,def,,
Kevin Garnett,Marquis Daniels,Paul Pierce,Rajon Rondo,Rasheed Wallace,Anthony Parker,Daniel Gibson,J.J. Hickson,LeBron James,Zydrunas Ilgauskas,1,3:49,BOS,shot,,,,,,,,,,Rasheed Wallace,,,,missed,,jump,6,7
Kevin Garnett,Marquis Daniels,Paul Pierce,Rajon Rondo,Rasheed Wallace,Anthony Parker,Daniel Gibson,J.J. Hickson,LeBron James,Zydrunas Ilgauskas,1,3:48,BOS,rebound,,,,,,,,,,Kevin Garnett,,,,,,off,,
Kevin Garnett,Marquis Daniels,Paul Pierce,Rajon Rondo,Rasheed Wallace,Anthony Parker,Daniel Gibson,J.J. Hickson,LeBron James,Zydrunas Ilgauskas,1,3:37,BOS,shot,Rajon Rondo,,,,,,,,,Rasheed Wallace,3,,,made,,3pt,35,30
Kevin Garnett,Marquis Daniels,Paul Pierce,Rajon Rondo,Rasheed Wallace,Anthony Parker,Daniel Gibson,J.J. Hickson,LeBron James,Zydrunas Ilgauskas,1,3:17,CLE,shot,,,Rasheed Wallace,,,,,,,J.J. Hickson,,,,missed,,layup,25,9
Kevin Garnett,Marquis Daniels,Paul Pierce,Rajon Rondo,Rasheed Wallace,Anthony Parker,Daniel Gibson,J.J. Hickson,LeBron James,Zydrunas Ilgauskas,1,3:17,CLE,jump ball,,Rasheed Wallace,,,J.J. Hickson,,,,,,,Anthony Parker,,,,,,
Kevin Garnett,Marquis Daniels,Paul Pierce,Rajon Rondo,Rasheed Wallace,Anthony Parker,Daniel Gibson,J.J. Hickson,LeBron James,Zydrunas Ilgauskas,1,3:17,CLE,rebound,,,,,,,,,,,,,,,,,,
Kevin Garnett,Marquis Daniels,Paul Pierce,Rajon Rondo,Rasheed Wallace,Anthony Parker,Daniel Gibson,J.J. Hickson,LeBron James,Zydrunas Ilgauskas,1,3:14,CLE,turnover,,,,,,,,,,Anthony Parker,,,lost ball,,Rajon Rondo,,,
Kevin Garnett,Marquis Daniels,Paul Pierce,Rajon Rondo,Rasheed Wallace,Anthony Parker,Daniel Gibson,J.J. Hickson,LeBron James,Zydrunas Ilgauskas,1,3:12,BOS,shot,,,LeBron James,,,,,,,Rajon Rondo,,,,missed,,layup,27,7
Kevin Garnett,Marquis Daniels,Paul Pierce,Rajon Rondo,Rasheed Wallace,Anthony Parker,Daniel Gibson,J.J. Hickson,LeBron James,Zydrunas Ilgauskas,1,3:10,CLE,rebound,,,,,,,,,,,,,,,,,,
Kevin Garnett,Marquis Daniels,Paul Pierce,Rajon Rondo,Rasheed Wallace,Anthony Parker,Daniel Gibson,J.J. Hickson,LeBron James,Zydrunas Ilgauskas,1,2:45,CLE,shot,,,,,,,,,,Daniel Gibson,2,,,made,,running jump,20,9
Kevin Garnett,Marquis Daniels,Paul Pierce,Rajon Rondo,Rasheed Wallace,Anthony Parker,Daniel Gibson,J.J. Hickson,LeBron James,Zydrunas Ilgauskas,1,2:32,BOS,foul,,,,,,,,Anthony Parker,,Paul Pierce,,,,,,offensive,,
Kevin Garnett,Marquis Daniels,Paul Pierce,Rajon Rondo,Rasheed Wallace,Anthony Parker,Daniel Gibson,J.J. Hickson,LeBron James,Zydrunas Ilgauskas,1,2:32,BOS,turnover,,,,,,,,,,Paul Pierce,,,foul,,,,,
Kevin Garnett,Marquis Daniels,Paul Pierce,Rajon Rondo,Rasheed Wallace,Anthony Parker,Daniel Gibson,J.J. Hickson,LeBron James,Zydrunas Ilgauskas,1,2:32,CLE,timeout,,,,,,,,,,,,,,,,regular,,
Kevin Garnett,Marquis Daniels,Paul Pierce,Rajon Rondo,Rasheed Wallace,Daniel Gibson,J.J. Hickson,Jamario Moon,LeBron James,Zydrunas Ilgauskas,1,2:32,CLE,sub,,,,Jamario Moon,,Anthony Parker,,,,,,,,,,,,
Marquis Daniels,Paul Pierce,Rajon Rondo,Rasheed Wallace,Shelden Williams,Daniel Gibson,J.J. Hickson,Jamario Moon,LeBron James,Zydrunas Ilgauskas,1,2:32,BOS,sub,,,,Shelden Williams,,Kevin Garnett,,,,,,,,,,,,
Marquis Daniels,Paul Pierce,Rajon Rondo,Rasheed Wallace,Shelden Williams,Daniel Gibson,J.J. Hickson,Jamario Moon,LeBron James,Zydrunas Ilgauskas,1,2:08,CLE,shot,,,,,,,,,,LeBron James,,,,missed,,jump,42,17
Marquis Daniels,Paul Pierce,Rajon Rondo,Rasheed Wallace,Shelden Williams,Daniel Gibson,J.J. Hickson,Jamario Moon,LeBron James,Zydrunas Ilgauskas,1,2:06,BOS,rebound,,,,,,,,,,Rasheed Wallace,,,,,,def,,
Marquis Daniels,Paul Pierce,Rajon Rondo,Rasheed Wallace,Shelden Williams,Daniel Gibson,J.J. Hickson,Jamario Moon,LeBron James,Zydrunas Ilgauskas,1,2:00,BOS,shot,,,Jamario Moon,,,,,,,Paul Pierce,,,,missed,,layup,26,9
Marquis Daniels,Paul Pierce,Rajon Rondo,Rasheed Wallace,Shelden Williams,Daniel Gibson,J.J. Hickson,Jamario Moon,LeBron James,Zydrunas Ilgauskas,1,1:56,CLE,rebound,,,,,,,,,,Jamario Moon,,,,,,def,,
Marquis Daniels,Paul Pierce,Rajon Rondo,Rasheed Wallace,Shelden Williams,Daniel Gibson,J.J. Hickson,Jamario Moon,LeBron James,Zydrunas Ilgauskas,1,1:42,CLE,shot,,,,,,,,,,Jamario Moon,,,,missed,,3pt,37,29
Marquis Daniels,Paul Pierce,Rajon Rondo,Rasheed Wallace,Shelden Williams,Daniel Gibson,J.J. Hickson,Jamario Moon,LeBron James,Zydrunas Ilgauskas,1,1:41,BOS,rebound,,,,,,,,,,Shelden Williams,,,,,,def,,
Marquis Daniels,Paul Pierce,Rajon Rondo,Rasheed Wallace,Shelden Williams,Daniel Gibson,J.J. Hickson,Jamario Moon,LeBron James,Zydrunas Ilgauskas,1,1:19,BOS,shot,,,,,,,,,,Marquis Daniels,2,,,made,,running bank,19,12
Marquis Daniels,Paul Pierce,Rajon Rondo,Rasheed Wallace,Shelden Williams,Daniel Gibson,J.J. Hickson,Jamario Moon,LeBron James,Zydrunas Ilgauskas,1,1:05,BOS,foul,,,,,,,,Daniel Gibson,,Rajon Rondo,,,,,,personal,,
Eddie House,Marquis Daniels,Paul Pierce,Rasheed Wallace,Shelden Williams,Daniel Gibson,J.J. Hickson,Jamario Moon,LeBron James,Zydrunas Ilgauskas,1,1:05,BOS,sub,,,,Eddie House,,Rajon Rondo,,,,,,,,,,,,
Eddie House,Marquis Daniels,Paul Pierce,Rasheed Wallace,Shelden Williams,Daniel Gibson,J.J. Hickson,Jamario Moon,LeBron James,Zydrunas Ilgauskas,1,0:50,CLE,shot,,,,,,,,,,Daniel Gibson,,,,missed,,jump,13,24
Eddie House,Marquis Daniels,Paul Pierce,Rasheed Wallace,Shelden Williams,Daniel Gibson,J.J. Hickson,Jamario Moon,LeBron James,Zydrunas Ilgauskas,1,0:50,BOS,rebound,,,,,,,,,,,,,,,,,,
Eddie House,Marquis Daniels,Paul Pierce,Rasheed Wallace,Shelden Williams,Daniel Gibson,J.J. Hickson,Jamario Moon,LeBron James,Zydrunas Ilgauskas,1,0:49,CLE,foul,,,,,,,,Paul Pierce,,J.J. Hickson,,,,,,loose ball,,
Eddie House,Marquis Daniels,Paul Pierce,Rasheed Wallace,Shelden Williams,Daniel Gibson,J.J. Hickson,Jamario Moon,LeBron James,Zydrunas Ilgauskas,1,0:38,BOS,shot,,,,,,,,,,Paul Pierce,,,,missed,,jump,40,19
Eddie House,Marquis Daniels,Paul Pierce,Rasheed Wallace,Shelden Williams,Daniel Gibson,J.J. Hickson,Jamario Moon,LeBron James,Zydrunas Ilgauskas,1,0:37,CLE,rebound,,,,,,,,,,Daniel Gibson,,,,,,def,,
Eddie House,Marquis Daniels,Paul Pierce,Rasheed Wallace,Shelden Williams,Daniel Gibson,J.J. Hickson,Jamario Moon,LeBron James,Zydrunas Ilgauskas,1,0:21,CLE,shot,,,,,,,,,,LeBron James,,,,missed,,layup,26,8
Eddie House,Marquis Daniels,Paul Pierce,Rasheed Wallace,Shelden Williams,Daniel Gibson,J.J. Hickson,Jamario Moon,LeBron James,Zydrunas Ilgauskas,1,0:20,BOS,rebound,,,,,,,,,,Paul Pierce,,,,,,def,,
Eddie House,Marquis Daniels,Paul Pierce,Rasheed Wallace,Shelden Williams,Daniel Gibson,J.J. Hickson,Jamario Moon,LeBron James,Zydrunas Ilgauskas,1,0:15,BOS,shot,,,,,,,,,,Eddie House,,,,missed,,3pt,42,25
Eddie House,Marquis Daniels,Paul Pierce,Rasheed Wallace,Shelden Williams,Daniel Gibson,J.J. Hickson,Jamario Moon,LeBron James,Zydrunas Ilgauskas,1,0:14,BOS,rebound,,,,,,,,,,,,,,,,,,
Eddie House,Marquis Daniels,Paul Pierce,Rasheed Wallace,Shelden Williams,Daniel Gibson,J.J. Hickson,Jamario Moon,LeBron James,Zydrunas Ilgauskas,1,0:14,CLE,foul,,,,,,,,Shelden Williams,,Zydrunas Ilgauskas,,,,,,loose ball,,
Eddie House,Marquis Daniels,Paul Pierce,Rasheed Wallace,Shelden Williams,Daniel Gibson,J.J. Hickson,Jamario Moon,LeBron James,Zydrunas Ilgauskas,1,0:14,BOS,free throw,,,,,,,1,,2,Shelden Williams,,,foul,made,,,,
Marquis Daniels,Paul Pierce,Rajon Rondo,Rasheed Wallace,Shelden Williams,Daniel Gibson,J.J. Hickson,Jamario Moon,LeBron James,Zydrunas Ilgauskas,1,0:14,BOS,sub,,,,Rajon Rondo,,Eddie House,,,,,,,,,,,,
Marquis Daniels,Paul Pierce,Rajon Rondo,Rasheed Wallace,Shelden Williams,Daniel Gibson,J.J. Hickson,LeBron James,Mo Williams,Zydrunas Ilgauskas,1,0:14,CLE,sub,,,,Mo Williams,,Jamario Moon,,,,,,,,,,,,
Marquis Daniels,Paul Pierce,Rajon Rondo,Rasheed Wallace,Shelden Williams,Daniel Gibson,LeBron James,Mo Williams,Shaquille O'Neal,Zydrunas Ilgauskas,1,0:14,CLE,sub,,,,Shaquille O'Neal,,J.J. Hickson,,,,,,,,,,,,
Marquis Daniels,Paul Pierce,Rajon Rondo,Rasheed Wallace,Shelden Williams,Daniel Gibson,LeBron James,Mo Williams,Shaquille O'Neal,Zydrunas Ilgauskas,1,0:14,BOS,free throw,,,,,,,2,,2,Shelden Williams,,,foul,made,,,,
Marquis Daniels,Paul Pierce,Rajon Rondo,Rasheed Wallace,Shelden Williams,Daniel Gibson,LeBron James,Mo Williams,Shaquille O'Neal,Zydrunas Ilgauskas,1,0:00,CLE,turnover,,,,,,,,,,LeBron James,,,lost ball,,Marquis Daniels,,,
Eddie House,Marquis Daniels,Rasheed Wallace,Ray Allen,Shelden Williams,Anderson Varejao,Daniel Gibson,Jamario Moon,Mo Williams,Zydrunas Ilgauskas,2,11:42,BOS,turnover,,,,,,,,,,Marquis Daniels,,,traveling,,,,,
Eddie House,Marquis Daniels,Rasheed Wallace,Ray Allen,Shelden Williams,Anderson Varejao,Daniel Gibson,Jamario Moon,Mo Williams,Zydrunas Ilgauskas,2,11:32,BOS,foul,,,,,,,,Mo Williams,,Shelden Williams,,,,,,shooting,,
Eddie House,Marquis Daniels,Rasheed Wallace,Ray Allen,Shelden Williams,Anderson Varejao,Daniel Gibson,Jamario Moon,Mo Williams,Zydrunas Ilgauskas,2,11:32,CLE,free throw,,,,,,,1,,2,Mo Williams,,,foul,made,,,,
Eddie House,Marquis Daniels,Rasheed Wallace,Ray Allen,Shelden Williams,Anderson Varejao,Daniel Gibson,Jamario Moon,Mo Williams,Zydrunas Ilgauskas,2,11:32,CLE,free throw,,,,,,,2,,2,Mo Williams,,,foul,made,,,,
Eddie House,Marquis Daniels,Rasheed Wallace,Ray Allen,Shelden Williams,Anderson Varejao,Daniel Gibson,Jamario Moon,Mo Williams,Zydrunas Ilgauskas,2,11:09,BOS,shot,Marquis Daniels,,,,,,,,,Eddie House,3,,,made,,3pt,30,30
Eddie House,Marquis Daniels,Rasheed Wallace,Ray Allen,Shelden Williams,Anderson Varejao,Daniel Gibson,Jamario Moon,Mo Williams,Zydrunas Ilgauskas,2,10:53,CLE,shot,,,,,,,,,,Mo Williams,,,,missed,,3pt,39,29
Eddie House,Marquis Daniels,Rasheed Wallace,Ray Allen,Shelden Williams,Anderson Varejao,Daniel Gibson,Jamario Moon,Mo Williams,Zydrunas Ilgauskas,2,10:52,BOS,rebound,,,,,,,,,,,,,,,,,,
Eddie House,Marquis Daniels,Rasheed Wallace,Ray Allen,Shelden Williams,Anderson Varejao,Daniel Gibson,Jamario Moon,Mo Williams,Zydrunas Ilgauskas,2,10:37,BOS,shot,,,,,,,,,,Ray Allen,2,,,made,,layup,26,8
Eddie House,Marquis Daniels,Rasheed Wallace,Ray Allen,Shelden Williams,Anderson Varejao,Daniel Gibson,Jamario Moon,Mo Williams,Zydrunas Ilgauskas,2,10:20,CLE,shot,,,,,,,,,,Zydrunas Ilgauskas,,,,missed,,jump,36,25
Eddie House,Marquis Daniels,Rasheed Wallace,Ray Allen,Shelden Williams,Anderson Varejao,Daniel Gibson,Jamario Moon,Mo Williams,Zydrunas Ilgauskas,2,10:19,BOS,rebound,,,,,,,,,,Eddie House,,,,,,def,,
Eddie House,Marquis Daniels,Rasheed Wallace,Ray Allen,Shelden Williams,Anderson Varejao,Daniel Gibson,Jamario Moon,Mo Williams,Zydrunas Ilgauskas,2,10:03,CLE,foul,,,,,,,,Shelden Williams,,Mo Williams,,,,,,shooting,,
Eddie House,Marquis Daniels,Rasheed Wallace,Ray Allen,Shelden Williams,Anderson Varejao,Daniel Gibson,Jamario Moon,Mo Williams,Zydrunas Ilgauskas,2,10:03,BOS,free throw,,,,,,,1,,2,Shelden Williams,,,foul,made,,,,
Eddie House,Marquis Daniels,Rasheed Wallace,Ray Allen,Shelden Williams,Anderson Varejao,Daniel Gibson,Jamario Moon,Mo Williams,Zydrunas Ilgauskas,2,10:03,BOS,free throw,,,,,,,2,,2,Shelden Williams,,,foul,made,,,,
Eddie House,Marquis Daniels,Rasheed Wallace,Ray Allen,Shelden Williams,Anderson Varejao,Daniel Gibson,Jamario Moon,Mo Williams,Zydrunas Ilgauskas,2,9:42,CLE,turnover,,,,,,,,,,Jamario Moon,,,lost ball,,Ray Allen,,,
Eddie House,Marquis Daniels,Rasheed Wallace,Ray Allen,Shelden Williams,Anderson Varejao,Daniel Gibson,Jamario Moon,Mo Williams,Zydrunas Ilgauskas,2,9:18,BOS,shot,,,,,,,,,,Ray Allen,,,,missed,,step back jump,23,15
Eddie House,Marquis Daniels,Rasheed Wallace,Ray Allen,Shelden Williams,Anderson Varejao,Daniel Gibson,Jamario Moon,Mo Williams,Zydrunas Ilgauskas,2,9:17,CLE,rebound,,,,,,,,,,Anderson Varejao,,,,,,def,,
Eddie House,Marquis Daniels,Rasheed Wallace,Ray Allen,Shelden Williams,Anderson Varejao,Daniel Gibson,Jamario Moon,Mo Williams,Zydrunas Ilgauskas,2,9:11,CLE,shot,,,,,,,,,,Jamario Moon,,,,missed,,jump,44,11
Eddie House,Marquis Daniels,Rasheed Wallace,Ray Allen,Shelden Williams,Anderson Varejao,Daniel Gibson,Jamario Moon,Mo Williams,Zydrunas Ilgauskas,2,9:09,BOS,rebound,,,,,,,,,,Rasheed Wallace,,,,,,def,,
Eddie House,Marquis Daniels,Rasheed Wallace,Ray Allen,Shelden Williams,Anderson Varejao,Daniel Gibson,Jamario Moon,Mo Williams,Zydrunas Ilgauskas,2,8:55,CLE,foul,,,,,,,,Ray Allen,,Mo Williams,,,,,,shooting,,
Eddie House,Marquis Daniels,Rasheed Wallace,Ray Allen,Shelden Williams,Anderson Varejao,Daniel Gibson,Jamario Moon,Mo Williams,Zydrunas Ilgauskas,2,8:55,BOS,timeout,,,,,,,,,,,,,,,,official,,
Eddie House,Marquis Daniels,Rasheed Wallace,Ray Allen,Shelden Williams,Anderson Varejao,Anthony Parker,Jamario Moon,Mo Williams,Zydrunas Ilgauskas,2,8:55,CLE,sub,,,,Anthony Parker,,Daniel Gibson,,,,,,,,,,,,
Eddie House,Marquis Daniels,Rasheed Wallace,Ray Allen,Shelden Williams,Anderson Varejao,Anthony Parker,LeBron James,Mo Williams,Zydrunas Ilgauskas,2,8:55,CLE,sub,,,,LeBron James,,Jamario Moon,,,,,,,,,,,,
Eddie House,Marquis Daniels,Rasheed Wallace,Ray Allen,Shelden Williams,Anderson Varejao,Anthony Parker,LeBron James,Mo Williams,Zydrunas Ilgauskas,2,8:55,BOS,free throw,,,,,,,1,,2,Ray Allen,,,foul,missed,,,,
Eddie House,Marquis Daniels,Rasheed Wallace,Ray Allen,Shelden Williams,Anderson Varejao,Anthony Parker,LeBron James,Mo Williams,Zydrunas Ilgauskas,2,8:55,BOS,rebound,,,,,,,,,,,,,,,,,,
Eddie House,Marquis Daniels,Rasheed Wallace,Ray Allen,Shelden Williams,Anderson Varejao,Anthony Parker,LeBron James,Mo Williams,Zydrunas Ilgauskas,2,8:55,BOS,free throw,,,,,,,2,,2,Ray Allen,,,foul,made,,,,
Eddie House,Marquis Daniels,Rasheed Wallace,Ray Allen,Shelden Williams,Anderson Varejao,Anthony Parker,LeBron James,Mo Williams,Zydrunas Ilgauskas,2,8:39,BOS,foul,,,,,,,,Zydrunas Ilgauskas,,Rasheed Wallace,,,,,,personal,,
Eddie House,Marquis Daniels,Rasheed Wallace,Ray Allen,Shelden Williams,Anderson Varejao,Anthony Parker,LeBron James,Mo Williams,Zydrunas Ilgauskas,2,8:31,CLE,shot,,,Eddie House,,,,,,,Mo Williams,,,,missed,,jump,25,11
Eddie House,Marquis Daniels,Rasheed Wallace,Ray Allen,Shelden Williams,Anderson Varejao,Anthony Parker,LeBron James,Mo Williams,Zydrunas Ilgauskas,2,8:28,BOS,rebound,,,,,,,,,,Ray Allen,,,,,,def,,
Eddie House,Marquis Daniels,Rasheed Wallace,Ray Allen,Shelden Williams,Anderson Varejao,Anthony Parker,LeBron James,Mo Williams,Zydrunas Ilgauskas,2,8:26,BOS,shot,,,Anthony Parker,,,,,,,Marquis Daniels,,,,missed,,layup,24,7
Eddie House,Marquis Daniels,Rasheed Wallace,Ray Allen,Shelden Williams,Anderson Varejao,Anthony Parker,LeBron James,Mo Williams,Zydrunas Ilgauskas,2,8:24,CLE,rebound,,,,,,,,,,LeBron James,,,,,,def,,
Eddie House,Marquis Daniels,Rasheed Wallace,Ray Allen,Shelden Williams,Anderson Varejao,Anthony Parker,LeBron James,Mo Williams,Zydrunas Ilgauskas,2,8:10,BOS,foul,,,,,,,,Anderson Varejao,,Shelden Williams,,,,,,shooting,,
Eddie House,Marquis Daniels,Rasheed Wallace,Ray Allen,Shelden Williams,Anderson Varejao,Anthony Parker,LeBron James,Mo Williams,Zydrunas Ilgauskas,2,8:10,CLE,free throw,,,,,,,1,,2,Anderson Varejao,,,foul,made,,,,
Eddie House,Marquis Daniels,Rasheed Wallace,Ray Allen,Shelden Williams,Anderson Varejao,Anthony Parker,LeBron James,Mo Williams,Zydrunas Ilgauskas,2,8:10,CLE,free throw,,,,,,,2,,2,Anderson Varejao,,,foul,made,,,,
Eddie House,Marquis Daniels,Rasheed Wallace,Ray Allen,Shelden Williams,Anderson Varejao,Anthony Parker,LeBron James,Mo Williams,Zydrunas Ilgauskas,2,7:49,BOS,shot,Ray Allen,,,,,,,,,Rasheed Wallace,3,,,made,,3pt,8,27
Eddie House,Marquis Daniels,Rasheed Wallace,Ray Allen,Shelden Williams,Anderson Varejao,Anthony Parker,LeBron James,Mo Williams,Zydrunas Ilgauskas,2,7:25,CLE,shot,Mo Williams,,,,,,,,,Anderson Varejao,2,,,made,,jump,34,23
Eddie House,Marquis Daniels,Rasheed Wallace,Ray Allen,Shelden Williams,Anderson Varejao,Anthony Parker,LeBron James,Mo Williams,Zydrunas Ilgauskas,2,6:59,BOS,shot,Ray Allen,,,,,,,,,Marquis Daniels,2,,,made,,layup,25,7
Eddie House,Marquis Daniels,Rasheed Wallace,Ray Allen,Shelden Williams,Anderson Varejao,Anthony Parker,LeBron James,Mo Williams,Zydrunas Ilgauskas,2,6:45,BOS,foul,,,,,,,,Anderson Varejao,,Rasheed Wallace,,,,,,personal,,
Eddie House,Marquis Daniels,Rasheed Wallace,Ray Allen,Shelden Williams,Anderson Varejao,Anthony Parker,Daniel Gibson,LeBron James,Zydrunas Ilgauskas,2,6:45,CLE,sub,,,,Daniel Gibson,,Mo Williams,,,,,,,,,,,,
Eddie House,Marquis Daniels,Rasheed Wallace,Ray Allen,Shelden Williams,Anderson Varejao,Anthony Parker,Daniel Gibson,LeBron James,Shaquille O'Neal,2,6:45,CLE,sub,,,,Shaquille O'Neal,,Zydrunas Ilgauskas,,,,,,,,,,,,
Eddie House,Marquis Daniels,Rasheed Wallace,Ray Allen,Shelden Williams,Anderson Varejao,Anthony Parker,Daniel Gibson,LeBron James,Shaquille O'Neal,2,6:34,CLE,shot,,,,,,,,,,Anthony Parker,,,,missed,,jump,34,23
Eddie House,Marquis Daniels,Rasheed Wallace,Ray Allen,Shelden Williams,Anderson Varejao,Anthony Parker,Daniel Gibson,LeBron James,Shaquille O'Neal,2,6:33,BOS,rebound,,,,,,,,,,Shelden Williams,,,,,,def,,
Eddie House,Marquis Daniels,Rasheed Wallace,Ray Allen,Shelden Williams,Anderson Varejao,Anthony Parker,Daniel Gibson,LeBron James,Shaquille O'Neal,2,6:26,BOS,jump ball,,Shelden Williams,,,Anderson Varejao,,,,,,,Eddie House,,,,,,
Eddie House,Marquis Daniels,Rasheed Wallace,Ray Allen,Shelden Williams,Anderson Varejao,Anthony Parker,Daniel Gibson,LeBron James,Shaquille O'Neal,2,6:10,BOS,shot,,,,,,,,,,Marquis Daniels,,,,missed,,jump,33,20
Eddie House,Marquis Daniels,Rasheed Wallace,Ray Allen,Shelden Williams,Anderson Varejao,Anthony Parker,Daniel Gibson,LeBron James,Shaquille O'Neal,2,6:09,CLE,rebound,,,,,,,,,,Anthony Parker,,,,,,def,,
Eddie House,Marquis Daniels,Rasheed Wallace,Ray Allen,Shelden Williams,Anderson Varejao,Anthony Parker,Daniel Gibson,LeBron James,Shaquille O'Neal,2,6:06,BOS,foul,,,,,,,,LeBron James,,Marquis Daniels,,,,,,personal,,
Eddie House,Kendrick Perkins,Marquis Daniels,Rasheed Wallace,Ray Allen,Anderson Varejao,Anthony Parker,Daniel Gibson,LeBron James,Shaquille O'Neal,2,6:06,BOS,sub,,,,Kendrick Perkins,,Shelden Williams,,,,,,,,,,,,
Kendrick Perkins,Marquis Daniels,Paul Pierce,Rasheed Wallace,Ray Allen,Anderson Varejao,Anthony Parker,Daniel Gibson,LeBron James,Shaquille O'Neal,2,6:06,BOS,sub,,,,Paul Pierce,,Eddie House,,,,,,,,,,,,
Kendrick Perkins,Marquis Daniels,Paul Pierce,Rasheed Wallace,Ray Allen,Anderson Varejao,Anthony Parker,Daniel Gibson,LeBron James,Shaquille O'Neal,2,6:06,CLE,free throw,,,,,,,1,,2,LeBron James,,,foul,made,,,,
Kendrick Perkins,Marquis Daniels,Paul Pierce,Rasheed Wallace,Ray Allen,Anderson Varejao,Anthony Parker,Daniel Gibson,LeBron James,Shaquille O'Neal,2,6:06,CLE,free throw,,,,,,,2,,2,LeBron James,,,foul,made,,,,
Kendrick Perkins,Marquis Daniels,Paul Pierce,Rasheed Wallace,Ray Allen,Anderson Varejao,Anthony Parker,Daniel Gibson,LeBron James,Shaquille O'Neal,2,5:41,BOS,shot,,,,,,,,,,Ray Allen,2,,,made,,driving layup,25,7
Kendrick Perkins,Marquis Daniels,Paul Pierce,Rasheed Wallace,Ray Allen,Anderson Varejao,Anthony Parker,Daniel Gibson,LeBron James,Shaquille O'Neal,2,5:18,CLE,shot,,,,,,,,,,LeBron James,2,,,made,,layup,25,7
Kendrick Perkins,Marquis Daniels,Paul Pierce,Rasheed Wallace,Ray Allen,Anderson Varejao,Anthony Parker,Daniel Gibson,LeBron James,Shaquille O'Neal,2,4:55,BOS,shot,Kendrick Perkins,,,,,,,,,Paul Pierce,3,,,made,,3pt,2,7
Kendrick Perkins,Marquis Daniels,Paul Pierce,Rasheed Wallace,Ray Allen,Anderson Varejao,Anthony Parker,Daniel Gibson,LeBron James,Shaquille O'Neal,2,4:38,CLE,shot,,,,,,,,,,Shaquille O'Neal,,,,missed,,jump,25,12
Kendrick Perkins,Marquis Daniels,Paul Pierce,Rasheed Wallace,Ray Allen,Anderson Varejao,Anthony Parker,Daniel Gibson,LeBron James,Shaquille O'Neal,2,4:36,BOS,rebound,,,,,,,,,,Paul Pierce,,,,,,def,,
Kendrick Perkins,Marquis Daniels,Paul Pierce,Rasheed Wallace,Ray Allen,Anderson Varejao,Anthony Parker,Daniel Gibson,LeBron James,Shaquille O'Neal,2,4:31,CLE,foul,,,,,,,,Paul Pierce,,Daniel Gibson,,,,,,shooting,,
Kendrick Perkins,Marquis Daniels,Paul Pierce,Rasheed Wallace,Ray Allen,Anderson Varejao,Anthony Parker,Daniel Gibson,LeBron James,Shaquille O'Neal,2,4:31,CLE,timeout,,,,,,,,,,,,,,,,regular,,
Kendrick Perkins,Marquis Daniels,Paul Pierce,Rasheed Wallace,Ray Allen,Anderson Varejao,Anthony Parker,Jamario Moon,LeBron James,Shaquille O'Neal,2,4:31,CLE,sub,,,,Jamario Moon,,Daniel Gibson,,,,,,,,,,,,
Kendrick Perkins,Kevin Garnett,Marquis Daniels,Paul Pierce,Ray Allen,Anderson Varejao,Anthony Parker,Jamario Moon,LeBron James,Shaquille O'Neal,2,4:31,BOS,sub,,,,Kevin Garnett,,Rasheed Wallace,,,,,,,,,,,,
Kendrick Perkins,Kevin Garnett,Paul Pierce,Rajon Rondo,Ray Allen,Anderson Varejao,Anthony Parker,Jamario Moon,LeBron James,Shaquille O'Neal,2,4:31,BOS,sub,,,,Rajon Rondo,,Marquis Daniels,,,,,,,,,,,,
Kendrick Perkins,Kevin Garnett,Paul Pierce,Rajon Rondo,Ray Allen,Anderson Varejao,Anthony Parker,Jamario Moon,LeBron James,Shaquille O'Neal,2,4:31,BOS,free throw,,,,,,,1,,2,Paul Pierce,,,foul,made,,,,
Kendrick Perkins,Kevin Garnett,Paul Pierce,Rajon Rondo,Ray Allen,Anderson Varejao,Anthony Parker,Jamario Moon,LeBron James,Shaquille O'Neal,2,4:31,BOS,free throw,,,,,,,2,,2,Paul Pierce,,,foul,made,,,,
Kendrick Perkins,Kevin Garnett,Paul Pierce,Rajon Rondo,Ray Allen,Anderson Varejao,Anthony Parker,Jamario Moon,LeBron James,Shaquille O'Neal,2,4:15,CLE,shot,LeBron James,,,,,,,,,Jamario Moon,2,,,made,,alley oop dunk,24,7
Kendrick Perkins,Kevin Garnett,Paul Pierce,Rajon Rondo,Ray Allen,Anderson Varejao,Anthony Parker,Jamario Moon,LeBron James,Shaquille O'Neal,2,3:56,BOS,shot,,,,,,,,,,Paul Pierce,,,,missed,,3pt,38,28
Kendrick Perkins,Kevin Garnett,Paul Pierce,Rajon Rondo,Ray Allen,Anderson Varejao,Anthony Parker,Jamario Moon,LeBron James,Shaquille O'Neal,2,3:55,CLE,rebound,,,,,,,,,,Shaquille O'Neal,,,,,,def,,
Kendrick Perkins,Kevin Garnett,Paul Pierce,Rajon Rondo,Ray Allen,Anderson Varejao,Anthony Parker,Jamario Moon,LeBron James,Shaquille O'Neal,2,3:29,CLE,shot,,,,,,,,,,LeBron James,,,,missed,,3pt,42,30
Kendrick Perkins,Kevin Garnett,Paul Pierce,Rajon Rondo,Ray Allen,Anderson Varejao,Anthony Parker,Jamario Moon,LeBron James,Shaquille O'Neal,2,3:27,CLE,rebound,,,,,,,,,,Anderson Varejao,,,,,,off,,
Kendrick Perkins,Kevin Garnett,Paul Pierce,Rajon Rondo,Ray Allen,Anderson Varejao,Anthony Parker,Jamario Moon,LeBron James,Shaquille O'Neal,2,3:21,CLE,shot,LeBron James,,,,,,,,,Shaquille O'Neal,2,,,made,,layup,25,6
Kendrick Perkins,Kevin Garnett,Paul Pierce,Rajon Rondo,Ray Allen,Anderson Varejao,Anthony Parker,Jamario Moon,LeBron James,Shaquille O'Neal,2,3:08,BOS,shot,,,,,,,,,,Ray Allen,,,,missed,,jump,35,20
Kendrick Perkins,Kevin Garnett,Paul Pierce,Rajon Rondo,Ray Allen,Anderson Varejao,Anthony Parker,Jamario Moon,LeBron James,Shaquille O'Neal,2,3:07,CLE,rebound,,,,,,,,,,Shaquille O'Neal,,,,,,def,,
Kendrick Perkins,Kevin Garnett,Paul Pierce,Rajon Rondo,Ray Allen,Anderson Varejao,Anthony Parker,Jamario Moon,LeBron James,Shaquille O'Neal,2,2:45,CLE,shot,,,,,,,,,,Shaquille O'Neal,,,,missed,,hook,26,13
Kendrick Perkins,Kevin Garnett,Paul Pierce,Rajon Rondo,Ray Allen,Anderson Varejao,Anthony Parker,Jamario Moon,LeBron James,Shaquille O'Neal,2,2:41,BOS,rebound,,,,,,,,,,Rajon Rondo,,,,,,def,,
Kendrick Perkins,Kevin Garnett,Paul Pierce,Rajon Rondo,Ray Allen,Anderson Varejao,Anthony Parker,Jamario Moon,LeBron James,Shaquille O'Neal,2,2:37,BOS,shot,Rajon Rondo,,,,,,,,,Ray Allen,3,,,made,,3pt,4,22
Kendrick Perkins,Kevin Garnett,Paul Pierce,Rajon Rondo,Ray Allen,Anderson Varejao,Anthony Parker,Jamario Moon,LeBron James,Shaquille O'Neal,2,2:24,CLE,shot,LeBron James,,,,,,,,,Anthony Parker,2,,,made,,floating jump,27,13
Kendrick Perkins,Kevin Garnett,Paul Pierce,Rajon Rondo,Ray Allen,Anderson Varejao,Anthony Parker,Jamario Moon,LeBron James,Shaquille O'Neal,2,2:11,BOS,foul,,,,,,,,Jamario Moon,,Kendrick Perkins,,,,,,offensive,,
Kendrick Perkins,Kevin Garnett,Paul Pierce,Rajon Rondo,Ray Allen,Anderson Varejao,Anthony Parker,Jamario Moon,LeBron James,Shaquille O'Neal,2,2:11,BOS,turnover,,,,,,,,,,Kendrick Perkins,,,foul,,,,,
Kendrick Perkins,Kevin Garnett,Paul Pierce,Rajon Rondo,Ray Allen,Anderson Varejao,Anthony Parker,Jamario Moon,LeBron James,Shaquille O'Neal,2,2:11,BOS,timeout,,,,,,,,,,,,,,,,regular,,
Kendrick Perkins,Kevin Garnett,Paul Pierce,Rajon Rondo,Ray Allen,Anderson Varejao,Anthony Parker,LeBron James,Mo Williams,Shaquille O'Neal,2,2:11,CLE,sub,,,,Mo Williams,,Jamario Moon,,,,,,,,,,,,
Kendrick Perkins,Kevin Garnett,Paul Pierce,Rajon Rondo,Ray Allen,Anderson Varejao,Anthony Parker,LeBron James,Mo Williams,Shaquille O'Neal,2,1:48,BOS,foul,,,,,,,,LeBron James,,Paul Pierce,,,,,,personal,,
Kendrick Perkins,Kevin Garnett,Paul Pierce,Rajon Rondo,Ray Allen,Anderson Varejao,Anthony Parker,LeBron James,Mo Williams,Shaquille O'Neal,2,1:48,CLE,free throw,,,,,,,1,,2,LeBron James,,,foul,made,,,,
Kendrick Perkins,Kevin Garnett,Paul Pierce,Rajon Rondo,Ray Allen,Anderson Varejao,Anthony Parker,LeBron James,Mo Williams,Shaquille O'Neal,2,1:48,CLE,free throw,,,,,,,2,,2,LeBron James,,,foul,missed,,,,
Kendrick Perkins,Kevin Garnett,Paul Pierce,Rajon Rondo,Ray Allen,Anderson Varejao,Anthony Parker,LeBron James,Mo Williams,Shaquille O'Neal,2,1:47,BOS,rebound,,,,,,,,,,Paul Pierce,,,,,,def,,
Kendrick Perkins,Kevin Garnett,Paul Pierce,Rajon Rondo,Ray Allen,Anderson Varejao,Anthony Parker,LeBron James,Mo Williams,Shaquille O'Neal,2,1:30,BOS,shot,Kevin Garnett,,,,,,,,,Kendrick Perkins,2,,,made,,jump,41,10
Kendrick Perkins,Kevin Garnett,Paul Pierce,Rajon Rondo,Ray Allen,Anderson Varejao,Anthony Parker,LeBron James,Mo Williams,Shaquille O'Neal,2,1:06,CLE,shot,,,,,,,,,,Anthony Parker,,,,missed,,jump bank,33,13
Kendrick Perkins,Kevin Garnett,Paul Pierce,Rajon Rondo,Ray Allen,Anderson Varejao,Anthony Parker,LeBron James,Mo Williams,Shaquille O'Neal,2,1:04,CLE,rebound,,,,,,,,,,Anderson Varejao,,,,,,off,,
Kendrick Perkins,Kevin Garnett,Paul Pierce,Rajon Rondo,Ray Allen,Anderson Varejao,Anthony Parker,LeBron James,Mo Williams,Shaquille O'Neal,2,1:04,CLE,shot,,,,,,,,,,Anderson Varejao,,,,missed,,tip,24,5
Kendrick Perkins,Kevin Garnett,Paul Pierce,Rajon Rondo,Ray Allen,Anderson Varejao,Anthony Parker,LeBron James,Mo Williams,Shaquille O'Neal,2,1:01,BOS,rebound,,,,,,,,,,Kendrick Perkins,,,,,,def,,
Kendrick Perkins,Kevin Garnett,Paul Pierce,Rajon Rondo,Ray Allen,Anderson Varejao,Anthony Parker,LeBron James,Mo Williams,Shaquille O'Neal,2,1:00,BOS,shot,Rajon Rondo,,,,,,,,,Ray Allen,3,,,made,,3pt,2,15
Kendrick Perkins,Kevin Garnett,Paul Pierce,Rajon Rondo,Ray Allen,Anderson Varejao,Anthony Parker,Jamario Moon,LeBron James,Shaquille O'Neal,2,0:44,CLE,sub,,,,Jamario Moon,,Mo Williams,,,,,,,,,,,,
Kendrick Perkins,Kevin Garnett,Paul Pierce,Rajon Rondo,Ray Allen,Anderson Varejao,Anthony Parker,Jamario Moon,LeBron James,Shaquille O'Neal,2,0:35,CLE,turnover,,,,,,,,,,,,,shot clock turnover,,,,,
Kendrick Perkins,Kevin Garnett,Paul Pierce,Rajon Rondo,Ray Allen,Anderson Varejao,Anthony Parker,Jamario Moon,LeBron James,Shaquille O'Neal,2,0:21,BOS,shot,,,,,,,,,,Kendrick Perkins,,,,missed,,jump,42,10
Kendrick Perkins,Kevin Garnett,Paul Pierce,Rajon Rondo,Ray Allen,Anderson Varejao,Anthony Parker,Jamario Moon,LeBron James,Shaquille O'Neal,2,0:19,BOS,rebound,,,,,,,,,,Paul Pierce,,,,,,off,,
Kendrick Perkins,Kevin Garnett,Paul Pierce,Rajon Rondo,Ray Allen,Anderson Varejao,Anthony Parker,Jamario Moon,LeBron James,Shaquille O'Neal,2,0:14,BOS,timeout,,,,,,,,,,,,,,,,short,,
Kendrick Perkins,Kevin Garnett,Paul Pierce,Rajon Rondo,Ray Allen,Anderson Varejao,Anthony Parker,Daniel Gibson,Jamario Moon,LeBron James,2,0:14,CLE,sub,,,,Daniel Gibson,,Shaquille O'Neal,,,,,,,,,,,,
Eddie House,Kevin Garnett,Paul Pierce,Rajon Rondo,Ray Allen,Anderson Varejao,Anthony Parker,Daniel Gibson,Jamario Moon,LeBron James,2,0:14,BOS,sub,,,,Eddie House,,Kendrick Perkins,,,,,,,,,,,,
Eddie House,Kevin Garnett,Paul Pierce,Rajon Rondo,Ray Allen,Anderson Varejao,Anthony Parker,Daniel Gibson,Jamario Moon,LeBron James,2,0:02,CLE,foul,,,,,,,,Paul Pierce,,Jamario Moon,,,,,,shooting,,
Eddie House,Kevin Garnett,Paul Pierce,Rajon Rondo,Ray Allen,Anderson Varejao,Anthony Parker,Daniel Gibson,Jamario Moon,LeBron James,2,0:02,BOS,foul,,,,,,,,,,Kevin Garnett,,,,,,technical,,
Eddie House,Kevin Garnett,Paul Pierce,Rajon Rondo,Ray Allen,Anderson Varejao,Anthony Parker,Daniel Gibson,Jamario Moon,LeBron James,2,0:02,CLE,free throw,,,,,,,1,,1,Daniel Gibson,,,technical,missed,,,,
Eddie House,Kevin Garnett,Paul Pierce,Rajon Rondo,Ray Allen,Anderson Varejao,Anthony Parker,Daniel Gibson,Jamario Moon,LeBron James,2,0:02,BOS,rebound,,,,,,,,,,,,,,,,,,
Eddie House,Kevin Garnett,Paul Pierce,Rajon Rondo,Ray Allen,Anderson Varejao,Anthony Parker,Daniel Gibson,Jamario Moon,LeBron James,2,0:02,BOS,free throw,,,,,,,1,,2,Paul Pierce,,,foul,made,,,,
Kevin Garnett,Marquis Daniels,Paul Pierce,Rajon Rondo,Ray Allen,Anderson Varejao,Anthony Parker,Daniel Gibson,Jamario Moon,LeBron James,2,0:02,BOS,sub,,,,Marquis Daniels,,Eddie House,,,,,,,,,,,,
Kevin Garnett,Marquis Daniels,Paul Pierce,Rajon Rondo,Ray Allen,Anderson Varejao,Anthony Parker,Daniel Gibson,Jamario Moon,LeBron James,2,0:02,BOS,free throw,,,,,,,2,,2,Paul Pierce,,,foul,made,,,,
Kevin Garnett,Marquis Daniels,Paul Pierce,Rajon Rondo,Ray Allen,Anderson Varejao,Anthony Parker,Daniel Gibson,Jamario Moon,LeBron James,2,0:00,CLE,shot,,,,,,,,,,Daniel Gibson,,,,missed,,3pt,11,27
Kevin Garnett,Marquis Daniels,Paul Pierce,Rajon Rondo,Ray Allen,Anderson Varejao,Anthony Parker,Daniel Gibson,Jamario Moon,LeBron James,2,0:00,CLE,rebound,,,,,,,,,,,,,,,,,,
Kendrick Perkins,Kevin Garnett,Paul Pierce,Rajon Rondo,Ray Allen,Anderson Varejao,Anthony Parker,LeBron James,Mo Williams,Shaquille O'Neal,3,11:39,BOS,shot,Ray Allen,,,,,,,,,Kendrick Perkins,2,,,made,,driving layup,25,8
Kendrick Perkins,Kevin Garnett,Paul Pierce,Rajon Rondo,Ray Allen,Anderson Varejao,Anthony Parker,LeBron James,Mo Williams,Shaquille O'Neal,3,11:15,CLE,shot,Anthony Parker,,,,,,,,,LeBron James,2,,,made,,jump,40,20
Kendrick Perkins,Kevin Garnett,Paul Pierce,Rajon Rondo,Ray Allen,Anderson Varejao,Anthony Parker,LeBron James,Mo Williams,Shaquille O'Neal,3,10:56,BOS,shot,Rajon Rondo,,,,,,,,,Kendrick Perkins,2,,,made,,jump,11,9
Kendrick Perkins,Kevin Garnett,Paul Pierce,Rajon Rondo,Ray Allen,Anderson Varejao,Anthony Parker,LeBron James,Mo Williams,Shaquille O'Neal,3,10:41,CLE,shot,,,,,,,,,,Shaquille O'Neal,,,,missed,,jump hook,16,10
Kendrick Perkins,Kevin Garnett,Paul Pierce,Rajon Rondo,Ray Allen,Anderson Varejao,Anthony Parker,LeBron James,Mo Williams,Shaquille O'Neal,3,10:40,BOS,rebound,,,,,,,,,,Paul Pierce,,,,,,def,,
Kendrick Perkins,Kevin Garnett,Paul Pierce,Rajon Rondo,Ray Allen,Anderson Varejao,Anthony Parker,LeBron James,Mo Williams,Shaquille O'Neal,3,10:26,CLE,foul,,,,,,,,Kevin Garnett,,Shaquille O'Neal,,,,,,shooting,,
Kendrick Perkins,Kevin Garnett,Paul Pierce,Rajon Rondo,Ray Allen,Anderson Varejao,Anthony Parker,LeBron James,Mo Williams,Shaquille O'Neal,3,10:26,BOS,free throw,,,,,,,1,,2,Kevin Garnett,,,foul,made,,,,
Kendrick Perkins,Kevin Garnett,Paul Pierce,Rajon Rondo,Ray Allen,Anderson Varejao,Anthony Parker,LeBron James,Mo Williams,Shaquille O'Neal,3,10:26,BOS,free throw,,,,,,,2,,2,Kevin Garnett,,,foul,made,,,,
Kendrick Perkins,Kevin Garnett,Paul Pierce,Rajon Rondo,Ray Allen,Anderson Varejao,Anthony Parker,LeBron James,Mo Williams,Shaquille O'Neal,3,10:09,CLE,turnover,,,,,,,,,,Mo Williams,,,bad pass,,Paul Pierce,,,
Kendrick Perkins,Kevin Garnett,Paul Pierce,Rajon Rondo,Ray Allen,Anderson Varejao,Anthony Parker,LeBron James,Mo Williams,Shaquille O'Neal,3,10:07,CLE,foul,,,,,,,,Rajon Rondo,,Anderson Varejao,,,,,,personal,,
Kendrick Perkins,Kevin Garnett,Paul Pierce,Rajon Rondo,Ray Allen,Anderson Varejao,Anthony Parker,LeBron James,Mo Williams,Shaquille O'Neal,3,9:57,BOS,shot,,,,,,,,,,Rajon Rondo,2,,,made,,reverse layup,24,7
Kendrick Perkins,Kevin Garnett,Paul Pierce,Rajon Rondo,Ray Allen,Anderson Varejao,Anthony Parker,LeBron James,Mo Williams,Shaquille O'Neal,3,9:33,CLE,shot,,,,,,,,,,LeBron James,,,,missed,,jump,36,26
Kendrick Perkins,Kevin Garnett,Paul Pierce,Rajon Rondo,Ray Allen,Anderson Varejao,Anthony Parker,LeBron James,Mo Williams,Shaquille O'Neal,3,9:32,BOS,rebound,,,,,,,,,,,,,,,,,,
Kendrick Perkins,Kevin Garnett,Paul Pierce,Rajon Rondo,Ray Allen,Anderson Varejao,Anthony Parker,LeBron James,Mo Williams,Shaquille O'Neal,3,9:32,CLE,foul,,,,,,,,Kevin Garnett,,Anderson Varejao,,,,,,loose ball,,
Kendrick Perkins,Kevin Garnett,Paul Pierce,Rajon Rondo,Ray Allen,Anderson Varejao,Anthony Parker,LeBron James,Mo Williams,Shaquille O'Neal,3,9:21,BOS,shot,Rajon Rondo,,,,,,,,,Kevin Garnett,2,,,made,,jump,26,12
Kendrick Perkins,Kevin Garnett,Paul Pierce,Rajon Rondo,Ray Allen,Anderson Varejao,Anthony Parker,LeBron James,Mo Williams,Shaquille O'Neal,3,9:20,CLE,timeout,,,,,,,,,,,,,,,,regular,,
Kendrick Perkins,Kevin Garnett,Paul Pierce,Rajon Rondo,Ray Allen,Anderson Varejao,Anthony Parker,LeBron James,Mo Williams,Shaquille O'Neal,3,9:04,CLE,turnover,,,,,,,,,,LeBron James,,,bad pass,,Ray Allen,,,
Kendrick Perkins,Kevin Garnett,Paul Pierce,Rajon Rondo,Ray Allen,Anderson Varejao,Anthony Parker,LeBron James,Mo Williams,Shaquille O'Neal,3,8:55,BOS,shot,,,Anderson Varejao,,,,,,,Ray Allen,,,,missed,,layup,27,7
Kendrick Perkins,Kevin Garnett,Paul Pierce,Rajon Rondo,Ray Allen,Anderson Varejao,Anthony Parker,LeBron James,Mo Williams,Shaquille O'Neal,3,8:53,CLE,rebound,,,,,,,,,,Shaquille O'Neal,,,,,,def,,
Kendrick Perkins,Kevin Garnett,Paul Pierce,Rajon Rondo,Ray Allen,Anderson Varejao,Anthony Parker,LeBron James,Mo Williams,Shaquille O'Neal,3,8:41,CLE,shot,,,,,,,,,,Shaquille O'Neal,,,,missed,,jump hook,23,11
Kendrick Perkins,Kevin Garnett,Paul Pierce,Rajon Rondo,Ray Allen,Anderson Varejao,Anthony Parker,LeBron James,Mo Williams,Shaquille O'Neal,3,8:36,BOS,rebound,,,,,,,,,,Kevin Garnett,,,,,,def,,
Kendrick Perkins,Kevin Garnett,Paul Pierce,Rajon Rondo,Ray Allen,Anderson Varejao,Anthony Parker,LeBron James,Mo Williams,Shaquille O'Neal,3,8:26,CLE,foul,,,,,,,,,,Shaquille O'Neal,,,,,,defense 3 second,,
Kendrick Perkins,Kevin Garnett,Paul Pierce,Rajon Rondo,Ray Allen,Anderson Varejao,Anthony Parker,LeBron James,Mo Williams,Shaquille O'Neal,3,8:26,BOS,free throw,,,,,,,1,,1,Ray Allen,,,technical,made,,,,
Kendrick Perkins,Kevin Garnett,Paul Pierce,Rajon Rondo,Ray Allen,Anderson Varejao,Anthony Parker,LeBron James,Mo Williams,Shaquille O'Neal,3,8:20,CLE,foul,,,,,,,,Rajon Rondo,,Mo Williams,,,,,,personal,,
Kendrick Perkins,Kevin Garnett,Paul Pierce,Rajon Rondo,Ray Allen,Anderson Varejao,Anthony Parker,LeBron James,Mo Williams,Shaquille O'Neal,3,8:05,BOS,shot,,,,,,,,,,Paul Pierce,,,,missed,,3pt,42,29
Kendrick Perkins,Kevin Garnett,Paul Pierce,Rajon Rondo,Ray Allen,Anderson Varejao,Anthony Parker,LeBron James,Mo Williams,Shaquille O'Neal,3,8:05,BOS,rebound,,,,,,,,,,,,,,,,,,
Kendrick Perkins,Kevin Garnett,Paul Pierce,Rajon Rondo,Ray Allen,Anderson Varejao,Anthony Parker,LeBron James,Mo Williams,Shaquille O'Neal,3,8:05,BOS,turnover,,,,,,,,,,,,,shot clock turnover,,,,,
Kendrick Perkins,Kevin Garnett,Paul Pierce,Rajon Rondo,Ray Allen,Anderson Varejao,Anthony Parker,LeBron James,Mo Williams,Shaquille O'Neal,3,7:44,CLE,shot,LeBron James,,,,,,,,,Shaquille O'Neal,2,,,made,,dunk,25,8
Kendrick Perkins,Kevin Garnett,Paul Pierce,Rajon Rondo,Ray Allen,Anderson Varejao,Anthony Parker,LeBron James,Mo Williams,Shaquille O'Neal,3,7:22,BOS,turnover,,,,,,,,,,Ray Allen,,,bad pass,,Anderson Varejao,,,
Kendrick Perkins,Kevin Garnett,Paul Pierce,Rajon Rondo,Ray Allen,Anderson Varejao,Anthony Parker,LeBron James,Mo Williams,Shaquille O'Neal,3,7:08,CLE,shot,,,,,,,,,,LeBron James,,,,missed,,3pt,10,26
Kendrick Perkins,Kevin Garnett,Paul Pierce,Rajon Rondo,Ray Allen,Anderson Varejao,Anthony Parker,LeBron James,Mo Williams,Shaquille O'Neal,3,7:06,CLE,rebound,,,,,,,,,,Anderson Varejao,,,,,,off,,
Kendrick Perkins,Kevin Garnett,Paul Pierce,Rajon Rondo,Ray Allen,Anderson Varejao,Anthony Parker,LeBron James,Mo Williams,Shaquille O'Neal,3,7:05,CLE,turnover,,,,,,,,,,LeBron James,,,bad pass,,Ray Allen,,,
Kendrick Perkins,Kevin Garnett,Paul Pierce,Rajon Rondo,Ray Allen,Anderson Varejao,Anthony Parker,LeBron James,Mo Williams,Shaquille O'Neal,3,6:48,BOS,turnover,,,,,,,,,,Kendrick Perkins,,,bad pass,,Anderson Varejao,,,
Kendrick Perkins,Kevin Garnett,Paul Pierce,Rajon Rondo,Ray Allen,Anderson Varejao,Anthony Parker,LeBron James,Mo Williams,Shaquille O'Neal,3,6:38,CLE,shot,LeBron James,,,,,,,,,Anthony Parker,3,,,made,,3pt,2,8
Kendrick Perkins,Kevin Garnett,Paul Pierce,Rajon Rondo,Ray Allen,Anderson Varejao,Anthony Parker,LeBron James,Mo Williams,Shaquille O'Neal,3,6:37,BOS,timeout,,,,,,,,,,,,,,,,regular,,
Kendrick Perkins,Kevin Garnett,Paul Pierce,Rajon Rondo,Ray Allen,Anderson Varejao,Anthony Parker,LeBron James,Mo Williams,Shaquille O'Neal,3,6:29,BOS,foul,,,,,,,,Mo Williams,,Paul Pierce,,,,,,offensive,,
Kendrick Perkins,Kevin Garnett,Paul Pierce,Rajon Rondo,Ray Allen,Anderson Varejao,Anthony Parker,LeBron James,Mo Williams,Shaquille O'Neal,3,6:29,BOS,turnover,,,,,,,,,,Paul Pierce,,,foul,,,,,
Kendrick Perkins,Kevin Garnett,Paul Pierce,Rajon Rondo,Ray Allen,Anderson Varejao,Anthony Parker,LeBron James,Mo Williams,Shaquille O'Neal,3,6:09,CLE,shot,,,,,,,,,,Anthony Parker,,,,missed,,jump,8,10
Kendrick Perkins,Kevin Garnett,Paul Pierce,Rajon Rondo,Ray Allen,Anderson Varejao,Anthony Parker,LeBron James,Mo Williams,Shaquille O'Neal,3,6:08,BOS,rebound,,,,,,,,,,Rajon Rondo,,,,,,def,,
Kendrick Perkins,Kevin Garnett,Paul Pierce,Rajon Rondo,Ray Allen,Anderson Varejao,Anthony Parker,LeBron James,Mo Williams,Shaquille O'Neal,3,6:05,CLE,foul,,,,,,,,Ray Allen,,LeBron James,,,,,,shooting,,
Kendrick Perkins,Kevin Garnett,Paul Pierce,Rajon Rondo,Ray Allen,Anderson Varejao,Anthony Parker,LeBron James,Mo Williams,Shaquille O'Neal,3,6:05,BOS,free throw,,,,,,,1,,2,Ray Allen,,,foul,made,,,,
Kendrick Perkins,Kevin Garnett,Paul Pierce,Rajon Rondo,Ray Allen,Anderson Varejao,Anthony Parker,LeBron James,Mo Williams,Shaquille O'Neal,3,6:05,BOS,free throw,,,,,,,2,,2,Ray Allen,,,foul,made,,,,
Kendrick Perkins,Kevin Garnett,Paul Pierce,Rajon Rondo,Ray Allen,Anderson Varejao,Anthony Parker,LeBron James,Mo Williams,Shaquille O'Neal,3,5:50,CLE,turnover,,,,,,,,,,Anthony Parker,,,bad pass,,Rajon Rondo,,,
Kendrick Perkins,Kevin Garnett,Paul Pierce,Rajon Rondo,Ray Allen,Anderson Varejao,Anthony Parker,LeBron James,Mo Williams,Shaquille O'Neal,3,5:44,BOS,shot,,,,,,,,,,Rajon Rondo,2,,,made,,layup,25,7
Kendrick Perkins,Kevin Garnett,Paul Pierce,Rajon Rondo,Ray Allen,Anderson Varejao,Anthony Parker,LeBron James,Mo Williams,Shaquille O'Neal,3,5:29,BOS,foul,,,,,,,,Mo Williams,,Ray Allen,,,,,,shooting,,
Kendrick Perkins,Kevin Garnett,Paul Pierce,Rajon Rondo,Ray Allen,Anderson Varejao,Anthony Parker,LeBron James,Mo Williams,Zydrunas Ilgauskas,3,5:29,CLE,sub,,,,Zydrunas Ilgauskas,,Shaquille O'Neal,,,,,,,,,,,,
Kendrick Perkins,Kevin Garnett,Paul Pierce,Rajon Rondo,Ray Allen,Anderson Varejao,Anthony Parker,LeBron James,Mo Williams,Zydrunas Ilgauskas,3,5:29,CLE,free throw,,,,,,,1,,2,Mo Williams,,,foul,made,,,,
Kendrick Perkins,Kevin Garnett,Paul Pierce,Rajon Rondo,Ray Allen,Anderson Varejao,Anthony Parker,LeBron James,Mo Williams,Zydrunas Ilgauskas,3,5:29,CLE,free throw,,,,,,,2,,2,Mo Williams,,,foul,made,,,,
Kendrick Perkins,Kevin Garnett,Paul Pierce,Rajon Rondo,Ray Allen,Anderson Varejao,Anthony Parker,LeBron James,Mo Williams,Zydrunas Ilgauskas,3,5:16,BOS,shot,,,,,,,,,,Ray Allen,,,,missed,,jump,11,23
Kendrick Perkins,Kevin Garnett,Paul Pierce,Rajon Rondo,Ray Allen,Anderson Varejao,Anthony Parker,LeBron James,Mo Williams,Zydrunas Ilgauskas,3,5:15,BOS,rebound,,,,,,,,,,Kevin Garnett,,,,,,off,,
Kendrick Perkins,Kevin Garnett,Paul Pierce,Rajon Rondo,Ray Allen,Anderson Varejao,Anthony Parker,LeBron James,Mo Williams,Zydrunas Ilgauskas,3,4:56,BOS,shot,,,,,,,,,,Rajon Rondo,,,,missed,,jump,18,23
Kendrick Perkins,Kevin Garnett,Paul Pierce,Rajon Rondo,Ray Allen,Anderson Varejao,Anthony Parker,LeBron James,Mo Williams,Zydrunas Ilgauskas,3,4:55,CLE,rebound,,,,,,,,,,Zydrunas Ilgauskas,,,,,,def,,
Kendrick Perkins,Kevin Garnett,Paul Pierce,Rajon Rondo,Ray Allen,Anderson Varejao,Anthony Parker,LeBron James,Mo Williams,Zydrunas Ilgauskas,3,4:39,CLE,shot,,,,,,,,,,Anthony Parker,,,,missed,,3pt,1,8
Kendrick Perkins,Kevin Garnett,Paul Pierce,Rajon Rondo,Ray Allen,Anderson Varejao,Anthony Parker,LeBron James,Mo Williams,Zydrunas Ilgauskas,3,4:37,BOS,rebound,,,,,,,,,,Paul Pierce,,,,,,def,,
Kendrick Perkins,Kevin Garnett,Paul Pierce,Rajon Rondo,Ray Allen,Anderson Varejao,Anthony Parker,LeBron James,Mo Williams,Zydrunas Ilgauskas,3,4:34,BOS,foul,,,,,,,,Mo Williams,,Kendrick Perkins,,,,,,offensive,,
Kendrick Perkins,Kevin Garnett,Paul Pierce,Rajon Rondo,Ray Allen,Anderson Varejao,Anthony Parker,LeBron James,Mo Williams,Zydrunas Ilgauskas,3,4:34,BOS,turnover,,,,,,,,,,Kendrick Perkins,,,foul,,,,,
Kendrick Perkins,Kevin Garnett,Paul Pierce,Rajon Rondo,Ray Allen,Anderson Varejao,Anthony Parker,LeBron James,Mo Williams,Zydrunas Ilgauskas,3,4:22,CLE,shot,,,,,,,,,,Mo Williams,2,,,made,,running bank,38,11
Kendrick Perkins,Kevin Garnett,Paul Pierce,Rajon Rondo,Ray Allen,Anderson Varejao,Anthony Parker,LeBron James,Mo Williams,Zydrunas Ilgauskas,3,4:05,BOS,shot,Rajon Rondo,,,,,,,,,Kevin Garnett,2,,,made,,turnaround jump,37,14
Kendrick Perkins,Kevin Garnett,Paul Pierce,Rajon Rondo,Ray Allen,Anderson Varejao,Anthony Parker,LeBron James,Mo Williams,Zydrunas Ilgauskas,3,3:41,BOS,foul,,,,,,,,LeBron James,,Rajon Rondo,,,,,,personal,,
Kevin Garnett,Paul Pierce,Rajon Rondo,Rasheed Wallace,Ray Allen,Anderson Varejao,Anthony Parker,LeBron James,Mo Williams,Zydrunas Ilgauskas,3,3:41,BOS,sub,,,,Rasheed Wallace,,Kendrick Perkins,,,,,,,,,,,,
Kevin Garnett,Paul Pierce,Rajon Rondo,Rasheed Wallace,Ray Allen,Anderson Varejao,Anthony Parker,LeBron James,Mo Williams,Zydrunas Ilgauskas,3,3:26,CLE,shot,,,,,,,,,,Anderson Varejao,,,,missed,,running jump,21,11
Kevin Garnett,Paul Pierce,Rajon Rondo,Rasheed Wallace,Ray Allen,Anderson Varejao,Anthony Parker,LeBron James,Mo Williams,Zydrunas Ilgauskas,3,3:24,BOS,rebound,,,,,,,,,,Paul Pierce,,,,,,def,,
Kevin Garnett,Paul Pierce,Rajon Rondo,Rasheed Wallace,Ray Allen,Anderson Varejao,Anthony Parker,LeBron James,Mo Williams,Zydrunas Ilgauskas,3,3:20,BOS,shot,,,,,,,,,,Ray Allen,,,,missed,,3pt,46,20
Kevin Garnett,Paul Pierce,Rajon Rondo,Rasheed Wallace,Ray Allen,Anderson Varejao,Anthony Parker,LeBron James,Mo Williams,Zydrunas Ilgauskas,3,3:20,CLE,rebound,,,,,,,,,,,,,,,,,,
Kevin Garnett,Paul Pierce,Rajon Rondo,Rasheed Wallace,Ray Allen,Anderson Varejao,Anthony Parker,LeBron James,Mo Williams,Zydrunas Ilgauskas,3,3:09,CLE,shot,,,,,,,,,,Mo Williams,2,,,made,,running jump,30,14
Kevin Garnett,Paul Pierce,Rajon Rondo,Rasheed Wallace,Ray Allen,Anderson Varejao,Anthony Parker,LeBron James,Mo Williams,Zydrunas Ilgauskas,3,2:52,BOS,shot,,,,,,,,,,Paul Pierce,,,,missed,,3pt,5,22
Kevin Garnett,Paul Pierce,Rajon Rondo,Rasheed Wallace,Ray Allen,Anderson Varejao,Anthony Parker,LeBron James,Mo Williams,Zydrunas Ilgauskas,3,2:51,BOS,rebound,,,,,,,,,,Rajon Rondo,,,,,,off,,
Kevin Garnett,Paul Pierce,Rajon Rondo,Rasheed Wallace,Ray Allen,Anderson Varejao,Anthony Parker,LeBron James,Mo Williams,Zydrunas Ilgauskas,3,2:43,BOS,shot,Rajon Rondo,,,,,,,,,Ray Allen,2,,,made,,jump,41,7
Kevin Garnett,Paul Pierce,Rajon Rondo,Rasheed Wallace,Ray Allen,Anderson Varejao,Anthony Parker,LeBron James,Mo Williams,Zydrunas Ilgauskas,3,2:26,CLE,shot,,,Rasheed Wallace,,,,,,,Anderson Varejao,,,,missed,,layup,25,8
Kevin Garnett,Paul Pierce,Rajon Rondo,Rasheed Wallace,Ray Allen,Anderson Varejao,Anthony Parker,LeBron James,Mo Williams,Zydrunas Ilgauskas,3,2:24,BOS,rebound,,,,,,,,,,Kevin Garnett,,,,,,def,,
Kevin Garnett,Paul Pierce,Rajon Rondo,Rasheed Wallace,Ray Allen,Anderson Varejao,Anthony Parker,LeBron James,Mo Williams,Zydrunas Ilgauskas,3,2:20,BOS,shot,,,LeBron James,,,,,,,Ray Allen,,,,missed,,layup,24,6
Kevin Garnett,Paul Pierce,Rajon Rondo,Rasheed Wallace,Ray Allen,Anderson Varejao,Anthony Parker,LeBron James,Mo Williams,Zydrunas Ilgauskas,3,2:18,CLE,rebound,,,,,,,,,,Anthony Parker,,,,,,def,,
Kevin Garnett,Paul Pierce,Rajon Rondo,Rasheed Wallace,Ray Allen,Anderson Varejao,Anthony Parker,LeBron James,Mo Williams,Zydrunas Ilgauskas,3,2:05,CLE,shot,,,,,,,,,,LeBron James,3,,,made,,3pt,2,6
Kevin Garnett,Paul Pierce,Rajon Rondo,Rasheed Wallace,Ray Allen,Anderson Varejao,Anthony Parker,LeBron James,Mo Williams,Zydrunas Ilgauskas,3,2:01,CLE,foul,,,,,,,,Kevin Garnett,,Anderson Varejao,,,,,,shooting,,
Kevin Garnett,Paul Pierce,Rajon Rondo,Rasheed Wallace,Ray Allen,Anderson Varejao,Anthony Parker,LeBron James,Mo Williams,Zydrunas Ilgauskas,3,2:01,BOS,free throw,,,,,,,1,,2,Kevin Garnett,,,foul,missed,,,,
Kevin Garnett,Paul Pierce,Rajon Rondo,Rasheed Wallace,Ray Allen,Anderson Varejao,Anthony Parker,LeBron James,Mo Williams,Zydrunas Ilgauskas,3,2:01,BOS,rebound,,,,,,,,,,,,,,,,,,
Kevin Garnett,Paul Pierce,Rajon Rondo,Rasheed Wallace,Ray Allen,Anthony Parker,J.J. Hickson,LeBron James,Mo Williams,Zydrunas Ilgauskas,3,2:01,CLE,sub,,,,J.J. Hickson,,Anderson Varejao,,,,,,,,,,,,
Kevin Garnett,Marquis Daniels,Paul Pierce,Rajon Rondo,Rasheed Wallace,Anthony Parker,J.J. Hickson,LeBron James,Mo Williams,Zydrunas Ilgauskas,3,2:01,BOS,sub,,,,Marquis Daniels,,Ray Allen,,,,,,,,,,,,
Kevin Garnett,Marquis Daniels,Paul Pierce,Rajon Rondo,Rasheed Wallace,Anthony Parker,J.J. Hickson,LeBron James,Mo Williams,Zydrunas Ilgauskas,3,2:01,BOS,free throw,,,,,,,2,,2,Kevin Garnett,,,foul,made,,,,
Kevin Garnett,Marquis Daniels,Paul Pierce,Rajon Rondo,Rasheed Wallace,Anthony Parker,J.J. Hickson,LeBron James,Mo Williams,Zydrunas Ilgauskas,3,1:55,BOS,foul,,,,,,,,Mo Williams,,Rajon Rondo,,,,,,personal,,
Eddie House,Kevin Garnett,Marquis Daniels,Paul Pierce,Rasheed Wallace,Anthony Parker,J.J. Hickson,LeBron James,Mo Williams,Zydrunas Ilgauskas,3,1:55,BOS,sub,,,,Eddie House,,Rajon Rondo,,,,,,,,,,,,
Eddie House,Kevin Garnett,Marquis Daniels,Paul Pierce,Rasheed Wallace,J.J. Hickson,Jamario Moon,LeBron James,Mo Williams,Zydrunas Ilgauskas,3,1:55,CLE,sub,,,,Jamario Moon,,Anthony Parker,,,,,,,,,,,,
Eddie House,Kevin Garnett,Marquis Daniels,Paul Pierce,Rasheed Wallace,J.J. Hickson,Jamario Moon,LeBron James,Mo Williams,Zydrunas Ilgauskas,3,1:42,CLE,shot,,,,,,,,,,Mo Williams,,,,missed,,3pt,50,13
Eddie House,Kevin Garnett,Marquis Daniels,Paul Pierce,Rasheed Wallace,J.J. Hickson,Jamario Moon,LeBron James,Mo Williams,Zydrunas Ilgauskas,3,1:41,BOS,rebound,,,,,,,,,,Kevin Garnett,,,,,,def,,
Eddie House,Kevin Garnett,Marquis Daniels,Paul Pierce,Rasheed Wallace,J.J. Hickson,Jamario Moon,LeBron James,Mo Williams,Zydrunas Ilgauskas,3,1:27,BOS,shot,,,,,,,,,,Rasheed Wallace,,,,missed,,jump,37,13
Eddie House,Kevin Garnett,Marquis Daniels,Paul Pierce,Rasheed Wallace,J.J. Hickson,Jamario Moon,LeBron James,Mo Williams,Zydrunas Ilgauskas,3,1:26,CLE,rebound,,,,,,,,,,Jamario Moon,,,,,,def,,
Eddie House,Kevin Garnett,Marquis Daniels,Paul Pierce,Rasheed Wallace,J.J. Hickson,Jamario Moon,LeBron James,Mo Williams,Zydrunas Ilgauskas,3,1:20,CLE,turnover,,,,,,,,,,Mo Williams,,,bad pass,,Kevin Garnett,,,
Eddie House,Kevin Garnett,Marquis Daniels,Paul Pierce,Rasheed Wallace,J.J. Hickson,Jamario Moon,LeBron James,Mo Williams,Zydrunas Ilgauskas,3,1:08,CLE,foul,,,,,,,,Rasheed Wallace,,J.J. Hickson,,,,,,shooting,,
Eddie House,Marquis Daniels,Paul Pierce,Rasheed Wallace,Shelden Williams,J.J. Hickson,Jamario Moon,LeBron James,Mo Williams,Zydrunas Ilgauskas,3,1:08,BOS,sub,,,,Shelden Williams,,Kevin Garnett,,,,,,,,,,,,
Eddie House,Marquis Daniels,Paul Pierce,Rasheed Wallace,Shelden Williams,Daniel Gibson,J.J. Hickson,Jamario Moon,LeBron James,Zydrunas Ilgauskas,3,1:08,CLE,sub,,,,Daniel Gibson,,Mo Williams,,,,,,,,,,,,
Eddie House,Marquis Daniels,Paul Pierce,Rasheed Wallace,Shelden Williams,Daniel Gibson,J.J. Hickson,Jamario Moon,LeBron James,Zydrunas Ilgauskas,3,1:08,BOS,free throw,,,,,,,1,,2,Rasheed Wallace,,,foul,missed,,,,
Eddie House,Marquis Daniels,Paul Pierce,Rasheed Wallace,Shelden Williams,Daniel Gibson,J.J. Hickson,Jamario Moon,LeBron James,Zydrunas Ilgauskas,3,1:08,BOS,rebound,,,,,,,,,,,,,,,,,,
Eddie House,Marquis Daniels,Paul Pierce,Rasheed Wallace,Shelden Williams,Daniel Gibson,J.J. Hickson,Jamario Moon,LeBron James,Zydrunas Ilgauskas,3,1:08,BOS,free throw,,,,,,,2,,2,Rasheed Wallace,,,foul,made,,,,
Eddie House,Marquis Daniels,Paul Pierce,Rasheed Wallace,Shelden Williams,Daniel Gibson,J.J. Hickson,Jamario Moon,LeBron James,Zydrunas Ilgauskas,3,0:52,CLE,shot,,,,,,,,,,LeBron James,2,,,made,,driving layup,24,8
Eddie House,Marquis Daniels,Paul Pierce,Rasheed Wallace,Shelden Williams,Daniel Gibson,J.J. Hickson,Jamario Moon,LeBron James,Zydrunas Ilgauskas,3,0:52,BOS,foul,,,,,,,,LeBron James,,Rasheed Wallace,,,,,,shooting,,
Eddie House,Marquis Daniels,Paul Pierce,Rasheed Wallace,Shelden Williams,Daniel Gibson,J.J. Hickson,Jamario Moon,LeBron James,Zydrunas Ilgauskas,3,0:52,CLE,free throw,,,,,,,1,,1,LeBron James,,,foul,missed,,,,
Eddie House,Marquis Daniels,Paul Pierce,Rasheed Wallace,Shelden Williams,Daniel Gibson,J.J. Hickson,Jamario Moon,LeBron James,Zydrunas Ilgauskas,3,0:51,BOS,rebound,,,,,,,,,,Shelden Williams,,,,,,def,,
Eddie House,Marquis Daniels,Paul Pierce,Rasheed Wallace,Shelden Williams,Daniel Gibson,J.J. Hickson,Jamario Moon,LeBron James,Zydrunas Ilgauskas,3,0:32,BOS,turnover,,,,,,,,,,Shelden Williams,,,lost ball,,J.J. Hickson,,,
Eddie House,Marquis Daniels,Paul Pierce,Rasheed Wallace,Shelden Williams,Daniel Gibson,J.J. Hickson,Jamario Moon,LeBron James,Zydrunas Ilgauskas,3,0:29,BOS,foul,,,,,,,,LeBron James,,Eddie House,,,,,,shooting,,
Eddie House,Marquis Daniels,Paul Pierce,Rasheed Wallace,Shelden Williams,Daniel Gibson,J.J. Hickson,Jamario Moon,LeBron James,Zydrunas Ilgauskas,3,0:29,CLE,free throw,,,,,,,1,,2,LeBron James,,,foul,made,,,,
Eddie House,Marquis Daniels,Paul Pierce,Rajon Rondo,Rasheed Wallace,Daniel Gibson,J.J. Hickson,Jamario Moon,LeBron James,Zydrunas Ilgauskas,3,0:29,BOS,sub,,,,Rajon Rondo,,Shelden Williams,,,,,,,,,,,,
Eddie House,Paul Pierce,Rajon Rondo,Rasheed Wallace,Ray Allen,Daniel Gibson,J.J. Hickson,Jamario Moon,LeBron James,Zydrunas Ilgauskas,3,0:29,BOS,sub,,,,Ray Allen,,Marquis Daniels,,,,,,,,,,,,
Eddie House,Paul Pierce,Rajon Rondo,Rasheed Wallace,Ray Allen,Anthony Parker,Daniel Gibson,Jamario Moon,LeBron James,Zydrunas Ilgauskas,3,0:29,CLE,sub,,,,Anthony Parker,,J.J. Hickson,,,,,,,,,,,,
Eddie House,Paul Pierce,Rajon Rondo,Rasheed Wallace,Ray Allen,Anthony Parker,Daniel Gibson,Jamario Moon,LeBron James,Zydrunas Ilgauskas,3,0:29,CLE,free throw,,,,,,,2,,2,LeBron James,,,foul,made,,,,
Eddie House,Paul Pierce,Rajon Rondo,Rasheed Wallace,Ray Allen,Anthony Parker,Daniel Gibson,Jamario Moon,LeBron James,Zydrunas Ilgauskas,3,0:08,BOS,shot,,,,,,,,,,Rasheed Wallace,,,,missed,,3pt,12,29
Eddie House,Paul Pierce,Rajon Rondo,Rasheed Wallace,Ray Allen,Anthony Parker,Daniel Gibson,Jamario Moon,LeBron James,Zydrunas Ilgauskas,3,0:07,BOS,rebound,,,,,,,,,,,,,,,,,,
Paul Pierce,Rajon Rondo,Rasheed Wallace,Ray Allen,Shelden Williams,Anthony Parker,Daniel Gibson,Jamario Moon,LeBron James,Zydrunas Ilgauskas,3,0:07,BOS,sub,,,,Shelden Williams,,Eddie House,,,,,,,,,,,,
Paul Pierce,Rajon Rondo,Rasheed Wallace,Ray Allen,Shelden Williams,Anthony Parker,Daniel Gibson,Jamario Moon,LeBron James,Zydrunas Ilgauskas,3,0:05,BOS,shot,,,Anthony Parker,,,,,,,Shelden Williams,,,,missed,,layup,25,9
Paul Pierce,Rajon Rondo,Rasheed Wallace,Ray Allen,Shelden Williams,Anthony Parker,Daniel Gibson,Jamario Moon,LeBron James,Zydrunas Ilgauskas,3,0:05,BOS,rebound,,,,,,,,,,,,,,,,,,
Paul Pierce,Rajon Rondo,Rasheed Wallace,Ray Allen,Shelden Williams,Anthony Parker,Daniel Gibson,Jamario Moon,LeBron James,Zydrunas Ilgauskas,3,0:05,BOS,turnover,,,,,,,,,,,,,shot clock turnover,,,,,
Paul Pierce,Rajon Rondo,Rasheed Wallace,Ray Allen,Shelden Williams,Anthony Parker,Daniel Gibson,Jamario Moon,LeBron James,Zydrunas Ilgauskas,3,0:00,CLE,shot,,,,,,,,,,LeBron James,,,,missed,,layup,25,7
Paul Pierce,Rajon Rondo,Rasheed Wallace,Ray Allen,Shelden Williams,Anthony Parker,Daniel Gibson,Jamario Moon,LeBron James,Zydrunas Ilgauskas,3,0:00,CLE,rebound,,,,,,,,,,,,,,,,,,
Eddie House,Marquis Daniels,Rasheed Wallace,Ray Allen,Shelden Williams,J.J. Hickson,Jamario Moon,LeBron James,Mo Williams,Zydrunas Ilgauskas,4,11:40,CLE,shot,,,,,,,,,,Zydrunas Ilgauskas,,,,missed,,jump,42,8
Eddie House,Marquis Daniels,Rasheed Wallace,Ray Allen,Shelden Williams,J.J. Hickson,Jamario Moon,LeBron James,Mo Williams,Zydrunas Ilgauskas,4,11:39,BOS,rebound,,,,,,,,,,Marquis Daniels,,,,,,def,,
Eddie House,Marquis Daniels,Rasheed Wallace,Ray Allen,Shelden Williams,J.J. Hickson,Jamario Moon,LeBron James,Mo Williams,Zydrunas Ilgauskas,4,11:22,BOS,shot,Marquis Daniels,,,,,,,,,Rasheed Wallace,2,,,made,,jump,6,7
Eddie House,Marquis Daniels,Rasheed Wallace,Ray Allen,Shelden Williams,J.J. Hickson,Jamario Moon,LeBron James,Mo Williams,Zydrunas Ilgauskas,4,11:12,BOS,foul,,,,,,,,LeBron James,,Shelden Williams,,,,,,personal,,
Eddie House,Marquis Daniels,Rasheed Wallace,Ray Allen,Shelden Williams,Anthony Parker,Jamario Moon,LeBron James,Mo Williams,Zydrunas Ilgauskas,4,11:12,CLE,sub,,,,Anthony Parker,,J.J. Hickson,,,,,,,,,,,,
Eddie House,Marquis Daniels,Rasheed Wallace,Ray Allen,Shelden Williams,Anthony Parker,Jamario Moon,LeBron James,Mo Williams,Zydrunas Ilgauskas,4,10:56,CLE,shot,,,,,,,,,,LeBron James,2,,,made,,jump,9,15
Eddie House,Marquis Daniels,Rasheed Wallace,Ray Allen,Shelden Williams,Anthony Parker,Jamario Moon,LeBron James,Mo Williams,Zydrunas Ilgauskas,4,10:37,BOS,shot,Eddie House,,,,,,,,,Marquis Daniels,3,,,made,,3pt,48,9
Eddie House,Marquis Daniels,Rasheed Wallace,Ray Allen,Shelden Williams,Anthony Parker,Jamario Moon,LeBron James,Mo Williams,Zydrunas Ilgauskas,4,10:22,CLE,shot,,,,,,,,,,Mo Williams,,,,missed,,3pt,38,29
Eddie House,Marquis Daniels,Rasheed Wallace,Ray Allen,Shelden Williams,Anthony Parker,Jamario Moon,LeBron James,Mo Williams,Zydrunas Ilgauskas,4,10:22,CLE,rebound,,,,,,,,,,Zydrunas Ilgauskas,,,,,,off,,
Eddie House,Marquis Daniels,Rasheed Wallace,Ray Allen,Shelden Williams,Anthony Parker,Jamario Moon,LeBron James,Mo Williams,Zydrunas Ilgauskas,4,10:21,BOS,foul,,,,,,,,Zydrunas Ilgauskas,,Rasheed Wallace,,,,,,shooting,,
Eddie House,Marquis Daniels,Rasheed Wallace,Ray Allen,Shelden Williams,Anthony Parker,Jamario Moon,LeBron James,Mo Williams,Zydrunas Ilgauskas,4,10:21,CLE,free throw,,,,,,,1,,2,Zydrunas Ilgauskas,,,foul,made,,,,
Eddie House,Marquis Daniels,Rasheed Wallace,Ray Allen,Shelden Williams,Anthony Parker,Jamario Moon,LeBron James,Mo Williams,Zydrunas Ilgauskas,4,10:21,CLE,free throw,,,,,,,2,,2,Zydrunas Ilgauskas,,,foul,made,,,,
Eddie House,Marquis Daniels,Rasheed Wallace,Ray Allen,Shelden Williams,Anthony Parker,Jamario Moon,LeBron James,Mo Williams,Zydrunas Ilgauskas,4,10:03,BOS,shot,Eddie House,,,,,,,,,Rasheed Wallace,3,,,made,,3pt,12,27
Eddie House,Marquis Daniels,Rasheed Wallace,Ray Allen,Shelden Williams,Anthony Parker,Jamario Moon,LeBron James,Mo Williams,Zydrunas Ilgauskas,4,9:35,CLE,shot,LeBron James,,,,,,,,,Zydrunas Ilgauskas,2,,,made,,jump,45,7
Eddie House,Marquis Daniels,Rasheed Wallace,Ray Allen,Shelden Williams,Anthony Parker,Jamario Moon,LeBron James,Mo Williams,Zydrunas Ilgauskas,4,9:20,BOS,turnover,,,,,,,,,,Eddie House,,,bad pass,,,,,
Eddie House,Marquis Daniels,Rasheed Wallace,Ray Allen,Shelden Williams,Anthony Parker,LeBron James,Mo Williams,Shaquille O'Neal,Zydrunas Ilgauskas,4,9:20,CLE,sub,,,,Shaquille O'Neal,,Jamario Moon,,,,,,,,,,,,
Eddie House,Marquis Daniels,Rasheed Wallace,Ray Allen,Shelden Williams,Anthony Parker,LeBron James,Mo Williams,Shaquille O'Neal,Zydrunas Ilgauskas,4,8:58,CLE,shot,,,,,,,,,,Anthony Parker,,,,missed,,running jump,20,11
Eddie House,Marquis Daniels,Rasheed Wallace,Ray Allen,Shelden Williams,Anthony Parker,LeBron James,Mo Williams,Shaquille O'Neal,Zydrunas Ilgauskas,4,8:57,BOS,rebound,,,,,,,,,,Rasheed Wallace,,,,,,def,,
Eddie House,Marquis Daniels,Rasheed Wallace,Ray Allen,Shelden Williams,Anthony Parker,LeBron James,Mo Williams,Shaquille O'Neal,Zydrunas Ilgauskas,4,8:42,BOS,shot,,,,,,,,,,Eddie House,,,,missed,,3pt,42,26
Eddie House,Marquis Daniels,Rasheed Wallace,Ray Allen,Shelden Williams,Anthony Parker,LeBron James,Mo Williams,Shaquille O'Neal,Zydrunas Ilgauskas,4,8:42,BOS,rebound,,,,,,,,,,,,,,,,,,
Eddie House,Marquis Daniels,Rasheed Wallace,Ray Allen,Shelden Williams,Anthony Parker,LeBron James,Mo Williams,Shaquille O'Neal,Zydrunas Ilgauskas,4,8:42,BOS,timeout,,,,,,,,,,,,,,,,official,,
Eddie House,Marquis Daniels,Rasheed Wallace,Ray Allen,Shelden Williams,Anthony Parker,Daniel Gibson,LeBron James,Shaquille O'Neal,Zydrunas Ilgauskas,4,8:42,CLE,sub,,,,Daniel Gibson,,Mo Williams,,,,,,,,,,,,
Eddie House,Kendrick Perkins,Marquis Daniels,Rasheed Wallace,Ray Allen,Anthony Parker,Daniel Gibson,LeBron James,Shaquille O'Neal,Zydrunas Ilgauskas,4,8:42,BOS,sub,,,,Kendrick Perkins,,Shelden Williams,,,,,,,,,,,,
Eddie House,Kendrick Perkins,Marquis Daniels,Rasheed Wallace,Ray Allen,Anthony Parker,Daniel Gibson,LeBron James,Shaquille O'Neal,Zydrunas Ilgauskas,4,8:36,CLE,foul,,,,,,,,Ray Allen,,LeBron James,,,,,,personal,,
Eddie House,Kendrick Perkins,Marquis Daniels,Rasheed Wallace,Ray Allen,Anthony Parker,Daniel Gibson,LeBron James,Shaquille O'Neal,Zydrunas Ilgauskas,4,8:29,BOS,shot,,,,,,,,,,Ray Allen,,,,missed,,jump,40,18
Eddie House,Kendrick Perkins,Marquis Daniels,Rasheed Wallace,Ray Allen,Anthony Parker,Daniel Gibson,LeBron James,Shaquille O'Neal,Zydrunas Ilgauskas,4,8:28,CLE,rebound,,,,,,,,,,Zydrunas Ilgauskas,,,,,,def,,
Eddie House,Kendrick Perkins,Marquis Daniels,Rasheed Wallace,Ray Allen,Anthony Parker,Daniel Gibson,LeBron James,Shaquille O'Neal,Zydrunas Ilgauskas,4,8:14,BOS,foul,,,,,,,,LeBron James,,Kendrick Perkins,,,,,,shooting,,
Eddie House,Kendrick Perkins,Kevin Garnett,Marquis Daniels,Ray Allen,Anthony Parker,Daniel Gibson,LeBron James,Shaquille O'Neal,Zydrunas Ilgauskas,4,8:14,BOS,sub,,,,Kevin Garnett,,Rasheed Wallace,,,,,,,,,,,,
Kendrick Perkins,Kevin Garnett,Marquis Daniels,Rajon Rondo,Ray Allen,Anthony Parker,Daniel Gibson,LeBron James,Shaquille O'Neal,Zydrunas Ilgauskas,4,8:14,BOS,sub,,,,Rajon Rondo,,Eddie House,,,,,,,,,,,,
Kendrick Perkins,Kevin Garnett,Marquis Daniels,Rajon Rondo,Ray Allen,Anthony Parker,Daniel Gibson,LeBron James,Shaquille O'Neal,Zydrunas Ilgauskas,4,8:14,CLE,free throw,,,,,,,1,,2,LeBron James,,,foul,made,,,,
Kendrick Perkins,Kevin Garnett,Marquis Daniels,Rajon Rondo,Ray Allen,Anthony Parker,Daniel Gibson,LeBron James,Shaquille O'Neal,Zydrunas Ilgauskas,4,8:14,CLE,free throw,,,,,,,2,,2,LeBron James,,,foul,made,,,,
Kendrick Perkins,Kevin Garnett,Marquis Daniels,Rajon Rondo,Ray Allen,Anthony Parker,Daniel Gibson,LeBron James,Shaquille O'Neal,Zydrunas Ilgauskas,4,8:03,CLE,foul,,,,,,,,Kevin Garnett,,Zydrunas Ilgauskas,,,,,,personal,,
Kendrick Perkins,Kevin Garnett,Paul Pierce,Rajon Rondo,Ray Allen,Anthony Parker,Daniel Gibson,LeBron James,Shaquille O'Neal,Zydrunas Ilgauskas,4,8:03,BOS,sub,,,,Paul Pierce,,Marquis Daniels,,,,,,,,,,,,
Kendrick Perkins,Kevin Garnett,Paul Pierce,Rajon Rondo,Ray Allen,Anthony Parker,Daniel Gibson,LeBron James,Shaquille O'Neal,Zydrunas Ilgauskas,4,7:48,BOS,shot,,,,,,,,,,Paul Pierce,,,,missed,,jump,28,26
Kendrick Perkins,Kevin Garnett,Paul Pierce,Rajon Rondo,Ray Allen,Anthony Parker,Daniel Gibson,LeBron James,Shaquille O'Neal,Zydrunas Ilgauskas,4,7:46,CLE,rebound,,,,,,,,,,LeBron James,,,,,,def,,
Kendrick Perkins,Kevin Garnett,Paul Pierce,Rajon Rondo,Ray Allen,Anthony Parker,Daniel Gibson,LeBron James,Shaquille O'Neal,Zydrunas Ilgauskas,4,7:37,BOS,foul,,,,,,,,Shaquille O'Neal,,Kevin Garnett,,,,,,personal,,
Kendrick Perkins,Kevin Garnett,Paul Pierce,Rajon Rondo,Ray Allen,Anthony Parker,Daniel Gibson,LeBron James,Shaquille O'Neal,Zydrunas Ilgauskas,4,7:25,CLE,shot,,,Kevin Garnett,,,,,,,LeBron James,,,,missed,,layup,26,7
Kendrick Perkins,Kevin Garnett,Paul Pierce,Rajon Rondo,Ray Allen,Anthony Parker,Daniel Gibson,LeBron James,Shaquille O'Neal,Zydrunas Ilgauskas,4,7:25,CLE,rebound,,,,,,,,,,,,,,,,,,
Kendrick Perkins,Kevin Garnett,Paul Pierce,Rajon Rondo,Ray Allen,Anthony Parker,Daniel Gibson,LeBron James,Shaquille O'Neal,Zydrunas Ilgauskas,4,7:25,CLE,turnover,,,,,,,,,,Daniel Gibson,,,bad pass,,,,,
Kendrick Perkins,Kevin Garnett,Paul Pierce,Rajon Rondo,Ray Allen,Anthony Parker,Daniel Gibson,LeBron James,Shaquille O'Neal,Zydrunas Ilgauskas,4,7:03,BOS,shot,,,,,,,,,,Kendrick Perkins,,,,missed,,jump,42,9
Kendrick Perkins,Kevin Garnett,Paul Pierce,Rajon Rondo,Ray Allen,Anthony Parker,Daniel Gibson,LeBron James,Shaquille O'Neal,Zydrunas Ilgauskas,4,7:02,CLE,rebound,,,,,,,,,,Zydrunas Ilgauskas,,,,,,def,,
Kendrick Perkins,Kevin Garnett,Paul Pierce,Rajon Rondo,Ray Allen,Anthony Parker,Daniel Gibson,LeBron James,Shaquille O'Neal,Zydrunas Ilgauskas,4,6:51,BOS,foul,,,,,,,,Zydrunas Ilgauskas,,Kevin Garnett,,,,,,personal,,
Kendrick Perkins,Kevin Garnett,Paul Pierce,Rajon Rondo,Ray Allen,Anthony Parker,Daniel Gibson,LeBron James,Shaquille O'Neal,Zydrunas Ilgauskas,4,6:51,CLE,free throw,,,,,,,1,,2,Zydrunas Ilgauskas,,,foul,made,,,,
Kendrick Perkins,Kevin Garnett,Paul Pierce,Rajon Rondo,Ray Allen,Anthony Parker,LeBron James,Mo Williams,Shaquille O'Neal,Zydrunas Ilgauskas,4,6:51,CLE,sub,,,,Mo Williams,,Daniel Gibson,,,,,,,,,,,,
Kendrick Perkins,Kevin Garnett,Paul Pierce,Rajon Rondo,Ray Allen,Anthony Parker,LeBron James,Mo Williams,Shaquille O'Neal,Zydrunas Ilgauskas,4,6:51,CLE,free throw,,,,,,,2,,2,Zydrunas Ilgauskas,,,foul,made,,,,
Kendrick Perkins,Kevin Garnett,Paul Pierce,Rajon Rondo,Ray Allen,Anthony Parker,LeBron James,Mo Williams,Shaquille O'Neal,Zydrunas Ilgauskas,4,6:40,BOS,shot,,,,,,,,,,Rajon Rondo,,,,missed,,jump,17,23
Kendrick Perkins,Kevin Garnett,Paul Pierce,Rajon Rondo,Ray Allen,Anthony Parker,LeBron James,Mo Williams,Shaquille O'Neal,Zydrunas Ilgauskas,4,6:39,CLE,rebound,,,,,,,,,,LeBron James,,,,,,def,,
Kendrick Perkins,Kevin Garnett,Paul Pierce,Rajon Rondo,Ray Allen,Anthony Parker,LeBron James,Mo Williams,Shaquille O'Neal,Zydrunas Ilgauskas,4,6:27,CLE,shot,,,Kendrick Perkins,,,,,,,Shaquille O'Neal,,,,missed,,layup,27,6
Kendrick Perkins,Kevin Garnett,Paul Pierce,Rajon Rondo,Ray Allen,Anthony Parker,LeBron James,Mo Williams,Shaquille O'Neal,Zydrunas Ilgauskas,4,6:24,BOS,rebound,,,,,,,,,,Rajon Rondo,,,,,,def,,
Kendrick Perkins,Kevin Garnett,Paul Pierce,Rajon Rondo,Ray Allen,Anthony Parker,LeBron James,Mo Williams,Shaquille O'Neal,Zydrunas Ilgauskas,4,6:18,BOS,shot,,,,,,,,,,Kevin Garnett,,,,missed,,slam dunk,25,7
Kendrick Perkins,Kevin Garnett,Paul Pierce,Rajon Rondo,Ray Allen,Anthony Parker,LeBron James,Mo Williams,Shaquille O'Neal,Zydrunas Ilgauskas,4,6:12,BOS,rebound,,,,,,,,,,Kevin Garnett,,,,,,off,,
Kendrick Perkins,Kevin Garnett,Paul Pierce,Rajon Rondo,Ray Allen,Anthony Parker,LeBron James,Mo Williams,Shaquille O'Neal,Zydrunas Ilgauskas,4,6:12,BOS,shot,,,,,,,,,,Kevin Garnett,,,,missed,,jump,41,16
Kendrick Perkins,Kevin Garnett,Paul Pierce,Rajon Rondo,Ray Allen,Anthony Parker,LeBron James,Mo Williams,Shaquille O'Neal,Zydrunas Ilgauskas,4,6:10,CLE,rebound,,,,,,,,,,LeBron James,,,,,,def,,
Kendrick Perkins,Kevin Garnett,Paul Pierce,Rajon Rondo,Ray Allen,Anthony Parker,LeBron James,Mo Williams,Shaquille O'Neal,Zydrunas Ilgauskas,4,6:06,CLE,foul,,,,,,,,Paul Pierce,,LeBron James,,,,,,offensive,,
Kendrick Perkins,Kevin Garnett,Paul Pierce,Rajon Rondo,Ray Allen,Anthony Parker,LeBron James,Mo Williams,Shaquille O'Neal,Zydrunas Ilgauskas,4,6:06,CLE,turnover,,,,,,,,,,LeBron James,,,foul,,,,,
Kendrick Perkins,Kevin Garnett,Paul Pierce,Rajon Rondo,Ray Allen,Anthony Parker,LeBron James,Mo Williams,Shaquille O'Neal,Zydrunas Ilgauskas,4,5:52,CLE,foul,,,,,,,,Paul Pierce,,LeBron James,,,,,,personal,,
Kendrick Perkins,Kevin Garnett,Paul Pierce,Rajon Rondo,Ray Allen,Anthony Parker,LeBron James,Mo Williams,Shaquille O'Neal,Zydrunas Ilgauskas,4,5:52,CLE,timeout,,,,,,,,,,,,,,,,regular,,
Kendrick Perkins,Kevin Garnett,Paul Pierce,Rajon Rondo,Ray Allen,Anthony Parker,LeBron James,Mo Williams,Shaquille O'Neal,Zydrunas Ilgauskas,4,5:45,BOS,shot,,,,,,,,,,Ray Allen,,,,missed,,jump,8,15
Kendrick Perkins,Kevin Garnett,Paul Pierce,Rajon Rondo,Ray Allen,Anthony Parker,LeBron James,Mo Williams,Shaquille O'Neal,Zydrunas Ilgauskas,4,5:44,CLE,rebound,,,,,,,,,,,,,,,,,,
Kendrick Perkins,Kevin Garnett,Paul Pierce,Rajon Rondo,Ray Allen,Anthony Parker,LeBron James,Mo Williams,Shaquille O'Neal,Zydrunas Ilgauskas,4,5:44,BOS,foul,,,,,,,,LeBron James,,Paul Pierce,,,,,,loose ball,,
Kendrick Perkins,Kevin Garnett,Paul Pierce,Rajon Rondo,Ray Allen,Anthony Parker,LeBron James,Mo Williams,Shaquille O'Neal,Zydrunas Ilgauskas,4,5:44,CLE,free throw,,,,,,,1,,2,LeBron James,,,foul,missed,,,,
Kendrick Perkins,Kevin Garnett,Paul Pierce,Rajon Rondo,Ray Allen,Anthony Parker,LeBron James,Mo Williams,Shaquille O'Neal,Zydrunas Ilgauskas,4,5:44,CLE,rebound,,,,,,,,,,,,,,,,,,
Kendrick Perkins,Kevin Garnett,Paul Pierce,Rajon Rondo,Ray Allen,Anthony Parker,LeBron James,Mo Williams,Shaquille O'Neal,Zydrunas Ilgauskas,4,5:44,CLE,free throw,,,,,,,2,,2,LeBron James,,,foul,made,,,,
Kendrick Perkins,Kevin Garnett,Paul Pierce,Rajon Rondo,Ray Allen,Anthony Parker,LeBron James,Mo Williams,Shaquille O'Neal,Zydrunas Ilgauskas,4,5:32,BOS,shot,Paul Pierce,,,,,,,,,Kendrick Perkins,2,,,made,,layup,24,7
Kendrick Perkins,Kevin Garnett,Paul Pierce,Rajon Rondo,Ray Allen,Anthony Parker,LeBron James,Mo Williams,Shaquille O'Neal,Zydrunas Ilgauskas,4,5:32,CLE,foul,,,,,,,,Kendrick Perkins,,Mo Williams,,,,,,shooting,,
Kendrick Perkins,Kevin Garnett,Paul Pierce,Rajon Rondo,Ray Allen,Anthony Parker,LeBron James,Mo Williams,Shaquille O'Neal,Zydrunas Ilgauskas,4,5:32,BOS,free throw,,,,,,,1,,1,Kendrick Perkins,,,foul,made,,,,
Kendrick Perkins,Kevin Garnett,Paul Pierce,Rajon Rondo,Ray Allen,Anthony Parker,LeBron James,Mo Williams,Shaquille O'Neal,Zydrunas Ilgauskas,4,5:17,CLE,shot,,,,,,,,,,Shaquille O'Neal,,,,missed,,jump hook,25,14
Kendrick Perkins,Kevin Garnett,Paul Pierce,Rajon Rondo,Ray Allen,Anthony Parker,LeBron James,Mo Williams,Shaquille O'Neal,Zydrunas Ilgauskas,4,5:12,BOS,rebound,,,,,,,,,,Paul Pierce,,,,,,def,,
Kendrick Perkins,Kevin Garnett,Paul Pierce,Rajon Rondo,Ray Allen,Anthony Parker,LeBron James,Mo Williams,Shaquille O'Neal,Zydrunas Ilgauskas,4,5:02,BOS,shot,,,,,,,,,,Kevin Garnett,,,,missed,,jump,33,8
Kendrick Perkins,Kevin Garnett,Paul Pierce,Rajon Rondo,Ray Allen,Anthony Parker,LeBron James,Mo Williams,Shaquille O'Neal,Zydrunas Ilgauskas,4,5:01,CLE,rebound,,,,,,,,,,Zydrunas Ilgauskas,,,,,,def,,
Kendrick Perkins,Kevin Garnett,Paul Pierce,Rajon Rondo,Ray Allen,Anthony Parker,LeBron James,Mo Williams,Shaquille O'Neal,Zydrunas Ilgauskas,4,4:50,CLE,shot,,,,,,,,,,LeBron James,3,,,made,,3pt,13,30
Kendrick Perkins,Kevin Garnett,Paul Pierce,Rajon Rondo,Ray Allen,Anthony Parker,LeBron James,Mo Williams,Shaquille O'Neal,Zydrunas Ilgauskas,4,4:23,BOS,shot,,,,,,,,,,Kendrick Perkins,,,,missed,,jump,39,9
Kendrick Perkins,Kevin Garnett,Paul Pierce,Rajon Rondo,Ray Allen,Anthony Parker,LeBron James,Mo Williams,Shaquille O'Neal,Zydrunas Ilgauskas,4,4:22,CLE,rebound,,,,,,,,,,Anthony Parker,,,,,,def,,
Kendrick Perkins,Kevin Garnett,Paul Pierce,Rajon Rondo,Ray Allen,Anthony Parker,LeBron James,Mo Williams,Shaquille O'Neal,Zydrunas Ilgauskas,4,4:16,CLE,turnover,,,,,,,,,,LeBron James,,,palming turnover,,,,,
Kendrick Perkins,Kevin Garnett,Paul Pierce,Rajon Rondo,Ray Allen,Anthony Parker,LeBron James,Mo Williams,Shaquille O'Neal,Zydrunas Ilgauskas,4,4:16,BOS,timeout,,,,,,,,,,,,,,,,regular,,
Kevin Garnett,Paul Pierce,Rajon Rondo,Rasheed Wallace,Ray Allen,Anthony Parker,LeBron James,Mo Williams,Shaquille O'Neal,Zydrunas Ilgauskas,4,4:16,BOS,sub,,,,Rasheed Wallace,,Kendrick Perkins,,,,,,,,,,,,
Kevin Garnett,Paul Pierce,Rajon Rondo,Rasheed Wallace,Ray Allen,Anthony Parker,LeBron James,Mo Williams,Shaquille O'Neal,Zydrunas Ilgauskas,4,4:03,BOS,shot,,,,,,,,,,Paul Pierce,2,,,made,,jump,32,21
Kevin Garnett,Paul Pierce,Rajon Rondo,Rasheed Wallace,Ray Allen,Anthony Parker,LeBron James,Mo Williams,Shaquille O'Neal,Zydrunas Ilgauskas,4,3:42,BOS,foul,,,,,,,,Shaquille O'Neal,,Kevin Garnett,,,,,,shooting,,
Kevin Garnett,Paul Pierce,Rajon Rondo,Rasheed Wallace,Ray Allen,Anthony Parker,LeBron James,Mo Williams,Shaquille O'Neal,Zydrunas Ilgauskas,4,3:42,CLE,free throw,,,,,,,1,,2,Shaquille O'Neal,,,foul,missed,,,,
Kevin Garnett,Paul Pierce,Rajon Rondo,Rasheed Wallace,Ray Allen,Anthony Parker,LeBron James,Mo Williams,Shaquille O'Neal,Zydrunas Ilgauskas,4,3:42,CLE,rebound,,,,,,,,,,,,,,,,,,
Kevin Garnett,Paul Pierce,Rajon Rondo,Rasheed Wallace,Ray Allen,Anthony Parker,LeBron James,Mo Williams,Shaquille O'Neal,Zydrunas Ilgauskas,4,3:42,CLE,free throw,,,,,,,2,,2,Shaquille O'Neal,,,foul,missed,,,,
Kevin Garnett,Paul Pierce,Rajon Rondo,Rasheed Wallace,Ray Allen,Anthony Parker,LeBron James,Mo Williams,Shaquille O'Neal,Zydrunas Ilgauskas,4,3:41,BOS,rebound,,,,,,,,,,Kevin Garnett,,,,,,def,,
Kevin Garnett,Paul Pierce,Rajon Rondo,Rasheed Wallace,Ray Allen,Anthony Parker,LeBron James,Mo Williams,Shaquille O'Neal,Zydrunas Ilgauskas,4,3:27,BOS,shot,,,,,,,,,,Rasheed Wallace,,,,missed,,3pt,14,30
Kevin Garnett,Paul Pierce,Rajon Rondo,Rasheed Wallace,Ray Allen,Anthony Parker,LeBron James,Mo Williams,Shaquille O'Neal,Zydrunas Ilgauskas,4,3:26,CLE,rebound,,,,,,,,,,Shaquille O'Neal,,,,,,def,,
Kevin Garnett,Paul Pierce,Rajon Rondo,Rasheed Wallace,Ray Allen,Anthony Parker,LeBron James,Mo Williams,Shaquille O'Neal,Zydrunas Ilgauskas,4,3:15,BOS,violation,,,,,,,,,,Paul Pierce,,,,,,kicked ball,,
Kevin Garnett,Paul Pierce,Rajon Rondo,Rasheed Wallace,Ray Allen,Anderson Varejao,Anthony Parker,LeBron James,Mo Williams,Shaquille O'Neal,4,3:15,CLE,sub,,,,Anderson Varejao,,Zydrunas Ilgauskas,,,,,,,,,,,,
Kevin Garnett,Paul Pierce,Rajon Rondo,Rasheed Wallace,Ray Allen,Anderson Varejao,Anthony Parker,LeBron James,Mo Williams,Shaquille O'Neal,4,3:02,CLE,shot,,,,,,,,,,Anthony Parker,,,,missed,,jump,43,12
Kevin Garnett,Paul Pierce,Rajon Rondo,Rasheed Wallace,Ray Allen,Anderson Varejao,Anthony Parker,LeBron James,Mo Williams,Shaquille O'Neal,4,3:00,BOS,rebound,,,,,,,,,,Paul Pierce,,,,,,def,,
Kevin Garnett,Paul Pierce,Rajon Rondo,Rasheed Wallace,Ray Allen,Anderson Varejao,Anthony Parker,LeBron James,Mo Williams,Shaquille O'Neal,4,2:43,BOS,shot,,,,,,,,,,Kevin Garnett,2,,,made,,turnaround bank,36,13
Kevin Garnett,Paul Pierce,Rajon Rondo,Rasheed Wallace,Ray Allen,Anderson Varejao,Anthony Parker,LeBron James,Mo Williams,Shaquille O'Neal,4,2:30,BOS,foul,,,,,,,,Mo Williams,,Rajon Rondo,,,,,,personal,,
Kevin Garnett,Paul Pierce,Rajon Rondo,Rasheed Wallace,Ray Allen,Anderson Varejao,Anthony Parker,LeBron James,Mo Williams,Shaquille O'Neal,4,2:30,CLE,free throw,,,,,,,1,,2,Mo Williams,,,foul,made,,,,
Kevin Garnett,Paul Pierce,Rajon Rondo,Rasheed Wallace,Ray Allen,Anderson Varejao,Anthony Parker,LeBron James,Mo Williams,Shaquille O'Neal,4,2:30,CLE,free throw,,,,,,,2,,2,Mo Williams,,,foul,made,,,,
Kevin Garnett,Paul Pierce,Rajon Rondo,Rasheed Wallace,Ray Allen,Anderson Varejao,Anthony Parker,LeBron James,Mo Williams,Shaquille O'Neal,4,2:11,BOS,turnover,,,,,,,,,,Kevin Garnett,,,bad pass,,LeBron James,,,
Kevin Garnett,Paul Pierce,Rajon Rondo,Rasheed Wallace,Ray Allen,Anderson Varejao,Anthony Parker,LeBron James,Mo Williams,Shaquille O'Neal,4,2:08,BOS,foul,,,,,,,,LeBron James,,Paul Pierce,,,,,,shooting,,
Kevin Garnett,Paul Pierce,Rajon Rondo,Rasheed Wallace,Ray Allen,Anderson Varejao,Anthony Parker,LeBron James,Mo Williams,Shaquille O'Neal,4,2:08,CLE,free throw,,,,,,,1,,2,LeBron James,,,foul,made,,,,
Kevin Garnett,Paul Pierce,Rajon Rondo,Rasheed Wallace,Ray Allen,Anderson Varejao,Anthony Parker,LeBron James,Mo Williams,Shaquille O'Neal,4,2:08,CLE,free throw,,,,,,,2,,2,LeBron James,,,foul,made,,,,
Kevin Garnett,Paul Pierce,Rajon Rondo,Rasheed Wallace,Ray Allen,Anderson Varejao,Anthony Parker,LeBron James,Mo Williams,Shaquille O'Neal,4,1:52,BOS,shot,,,,,,,,,,Rasheed Wallace,,,,missed,,3pt,6,21
Kevin Garnett,Paul Pierce,Rajon Rondo,Rasheed Wallace,Ray Allen,Anderson Varejao,Anthony Parker,LeBron James,Mo Williams,Shaquille O'Neal,4,1:51,CLE,rebound,,,,,,,,,,Shaquille O'Neal,,,,,,def,,
Kevin Garnett,Paul Pierce,Rajon Rondo,Rasheed Wallace,Ray Allen,Anderson Varejao,Anthony Parker,LeBron James,Mo Williams,Shaquille O'Neal,4,1:49,CLE,turnover,,,,,,,,,,Shaquille O'Neal,,,lost ball,,Rajon Rondo,,,
Kevin Garnett,Paul Pierce,Rajon Rondo,Rasheed Wallace,Ray Allen,Anderson Varejao,Anthony Parker,LeBron James,Mo Williams,Shaquille O'Neal,4,1:45,BOS,shot,,,,,,,,,,Ray Allen,,,,missed,,3pt,49,12
Kevin Garnett,Paul Pierce,Rajon Rondo,Rasheed Wallace,Ray Allen,Anderson Varejao,Anthony Parker,LeBron James,Mo Williams,Shaquille O'Neal,4,1:44,BOS,rebound,,,,,,,,,,Rajon Rondo,,,,,,off,,
Kevin Garnett,Paul Pierce,Rajon Rondo,Rasheed Wallace,Ray Allen,Anderson Varejao,Anthony Parker,LeBron James,Mo Williams,Shaquille O'Neal,4,1:42,BOS,shot,,,,,,,,,,Rajon Rondo,,,,missed,,putback layup,23,6
Kevin Garnett,Paul Pierce,Rajon Rondo,Rasheed Wallace,Ray Allen,Anderson Varejao,Anthony Parker,LeBron James,Mo Williams,Shaquille O'Neal,4,1:36,CLE,rebound,,,,,,,,,,Shaquille O'Neal,,,,,,def,,
Kevin Garnett,Paul Pierce,Rajon Rondo,Rasheed Wallace,Ray Allen,Anderson Varejao,Anthony Parker,LeBron James,Mo Williams,Shaquille O'Neal,4,1:17,CLE,shot,,,,,,,,,,LeBron James,,,,missed,,3pt,32,31
Kevin Garnett,Paul Pierce,Rajon Rondo,Rasheed Wallace,Ray Allen,Anderson Varejao,Anthony Parker,LeBron James,Mo Williams,Shaquille O'Neal,4,1:16,BOS,rebound,,,,,,,,,,Paul Pierce,,,,,,def,,
Kevin Garnett,Paul Pierce,Rajon Rondo,Rasheed Wallace,Ray Allen,Anderson Varejao,Anthony Parker,LeBron James,Mo Williams,Shaquille O'Neal,4,1:03,BOS,shot,,,,,,,,,,Paul Pierce,2,,,made,,jump,33,22
Kevin Garnett,Paul Pierce,Rajon Rondo,Rasheed Wallace,Ray Allen,Anderson Varejao,Anthony Parker,LeBron James,Mo Williams,Shaquille O'Neal,4,1:03,CLE,timeout,,,,,,,,,,,,,,,,regular,,
Kevin Garnett,Marquis Daniels,Rajon Rondo,Rasheed Wallace,Ray Allen,Anderson Varejao,Anthony Parker,LeBron James,Mo Williams,Shaquille O'Neal,4,1:03,BOS,sub,,,,Marquis Daniels,,Paul Pierce,,,,,,,,,,,,
Kevin Garnett,Marquis Daniels,Rajon Rondo,Rasheed Wallace,Ray Allen,Anderson Varejao,Anthony Parker,LeBron James,Mo Williams,Shaquille O'Neal,4,0:53,CLE,turnover,,,,,,,,,,Anthony Parker,,,out of bounds lost ball turnover,,,,,
Kevin Garnett,Marquis Daniels,Rajon Rondo,Rasheed Wallace,Ray Allen,Anderson Varejao,Anthony Parker,LeBron James,Mo Williams,Shaquille O'Neal,4,0:53,BOS,timeout,,,,,,,,,,,,,,,,regular,,
Kevin Garnett,Paul Pierce,Rajon Rondo,Rasheed Wallace,Ray Allen,Anderson Varejao,Anthony Parker,LeBron James,Mo Williams,Shaquille O'Neal,4,0:53,BOS,sub,,,,Paul Pierce,,Marquis Daniels,,,,,,,,,,,,
Kevin Garnett,Paul Pierce,Rajon Rondo,Rasheed Wallace,Ray Allen,Anderson Varejao,Anthony Parker,Jamario Moon,LeBron James,Mo Williams,4,0:53,CLE,sub,,,,Jamario Moon,,Shaquille O'Neal,,,,,,,,,,,,
Kevin Garnett,Paul Pierce,Rajon Rondo,Rasheed Wallace,Ray Allen,Anderson Varejao,Anthony Parker,Jamario Moon,LeBron James,Mo Williams,4,0:30,BOS,shot,,,,,,,,,,Paul Pierce,2,,,made,,jump,15,22
Kevin Garnett,Paul Pierce,Rajon Rondo,Rasheed Wallace,Ray Allen,Anderson Varejao,Anthony Parker,Jamario Moon,LeBron James,Mo Williams,4,0:25,BOS,foul,,,,,,,,Anderson Varejao,,Rasheed Wallace,,,,,,shooting,,
Kevin Garnett,Paul Pierce,Rajon Rondo,Rasheed Wallace,Ray Allen,Anderson Varejao,Anthony Parker,Jamario Moon,LeBron James,Mo Williams,4,0:25,CLE,free throw,,,,,,,1,,2,Anderson Varejao,,,foul,made,,,,
Kevin Garnett,Paul Pierce,Rajon Rondo,Rasheed Wallace,Ray Allen,Anderson Varejao,Anthony Parker,Jamario Moon,LeBron James,Mo Williams,4,0:25,CLE,free throw,,,,,,,2,,2,Anderson Varejao,,,foul,missed,,,,
Kevin Garnett,Paul Pierce,Rajon Rondo,Rasheed Wallace,Ray Allen,Anderson Varejao,Anthony Parker,Jamario Moon,LeBron James,Mo Williams,4,0:23,BOS,rebound,,,,,,,,,,Kevin Garnett,,,,,,def,,
Kevin Garnett,Paul Pierce,Rajon Rondo,Rasheed Wallace,Ray Allen,Anderson Varejao,Anthony Parker,Jamario Moon,LeBron James,Mo Williams,4,0:18,BOS,turnover,,,,,,,,,,Ray Allen,,,lost ball,,LeBron James,,,
Kevin Garnett,Paul Pierce,Rajon Rondo,Rasheed Wallace,Ray Allen,Anderson Varejao,Anthony Parker,Jamario Moon,LeBron James,Mo Williams,4,0:15,CLE,shot,,,,,,,,,,LeBron James,2,,,made,,dunk,26,6
Kevin Garnett,Paul Pierce,Rajon Rondo,Rasheed Wallace,Ray Allen,Anderson Varejao,Anthony Parker,Jamario Moon,LeBron James,Mo Williams,4,0:15,CLE,foul,,,,,,,,Paul Pierce,,Anderson Varejao,,,,,,personal,,
Kevin Garnett,Paul Pierce,Rajon Rondo,Rasheed Wallace,Ray Allen,Anderson Varejao,Anthony Parker,Jamario Moon,LeBron James,Mo Williams,4,0:15,BOS,free throw,,,,,,,1,,2,Paul Pierce,,,foul,made,,,,
Kevin Garnett,Paul Pierce,Rajon Rondo,Rasheed Wallace,Ray Allen,Anderson Varejao,Anthony Parker,Jamario Moon,LeBron James,Shaquille O'Neal,4,0:15,CLE,sub,,,,Shaquille O'Neal,,Mo Williams,,,,,,,,,,,,
Kevin Garnett,Paul Pierce,Rajon Rondo,Rasheed Wallace,Ray Allen,Anderson Varejao,Anthony Parker,Jamario Moon,LeBron James,Shaquille O'Neal,4,0:15,BOS,free throw,,,,,,,2,,2,Paul Pierce,,,foul,made,,,,
Kevin Garnett,Paul Pierce,Rajon Rondo,Rasheed Wallace,Ray Allen,Anderson Varejao,Anthony Parker,Jamario Moon,LeBron James,Shaquille O'Neal,4,0:15,CLE,timeout,,,,,,,,,,,,,,,,short,,
Kevin Garnett,Marquis Daniels,Paul Pierce,Rajon Rondo,Ray Allen,Anderson Varejao,Anthony Parker,Jamario Moon,LeBron James,Shaquille O'Neal,4,0:15,BOS,sub,,,,Marquis Daniels,,Rasheed Wallace,,,,,,,,,,,,
Kevin Garnett,Marquis Daniels,Paul Pierce,Rajon Rondo,Ray Allen,Anthony Parker,Daniel Gibson,Jamario Moon,LeBron James,Shaquille O'Neal,4,0:15,CLE,sub,,,,Daniel Gibson,,Anderson Varejao,,,,,,,,,,,,
Kevin Garnett,Marquis Daniels,Paul Pierce,Rajon Rondo,Ray Allen,Anthony Parker,Daniel Gibson,Jamario Moon,LeBron James,Zydrunas Ilgauskas,4,0:15,CLE,sub,,,,Zydrunas Ilgauskas,,Shaquille O'Neal,,,,,,,,,,,,
Kevin Garnett,Marquis Daniels,Paul Pierce,Rajon Rondo,Ray Allen,Anthony Parker,Daniel Gibson,LeBron James,Mo Williams,Zydrunas Ilgauskas,4,0:15,CLE,sub,,,,Mo Williams,,Jamario Moon,,,,,,,,,,,,
Kevin Garnett,Marquis Daniels,Paul Pierce,Rajon Rondo,Ray Allen,Anthony Parker,Daniel Gibson,LeBron James,Mo Williams,Zydrunas Ilgauskas,4,0:12,CLE,shot,,,,,,,,,,LeBron James,3,,,made,,3pt,24,31
Kevin Garnett,Marquis Daniels,Paul Pierce,Rajon Rondo,Ray Allen,Anthony Parker,Daniel Gibson,LeBron James,Mo Williams,Zydrunas Ilgauskas,4,0:11,CLE,foul,,,,,,,,Paul Pierce,,Daniel Gibson,,,,,,personal,,
Kevin Garnett,Marquis Daniels,Paul Pierce,Rajon Rondo,Ray Allen,Anthony Parker,Daniel Gibson,LeBron James,Mo Williams,Zydrunas Ilgauskas,4,0:11,BOS,free throw,,,,,,,1,,2,Paul Pierce,,,foul,made,,,,
Kevin Garnett,Marquis Daniels,Paul Pierce,Rajon Rondo,Ray Allen,Anthony Parker,Daniel Gibson,LeBron James,Mo Williams,Zydrunas Ilgauskas,4,0:11,BOS,free throw,,,,,,,2,,2,Paul Pierce,,,foul,made,,,,
Kevin Garnett,Marquis Daniels,Paul Pierce,Rajon Rondo,Ray Allen,Anthony Parker,Daniel Gibson,LeBron James,Mo Williams,Zydrunas Ilgauskas,4,0:04,CLE,shot,,,,,,,,,,LeBron James,,,,missed,,3pt,17,30
Kevin Garnett,Marquis Daniels,Paul Pierce,Rajon Rondo,Ray Allen,Anthony Parker,Daniel Gibson,LeBron James,Mo Williams,Zydrunas Ilgauskas,4,0:03,BOS,rebound,,,,,,,,,,Rajon Rondo,,,,,,def,,
