player,position,current_team,college
"Augustin, D.J.",Point Guard,Orlando Magic,Texas
"Baldwin IV, Wade",Point Guard,Memphis Grizzlies,Vanderbilt
"Barea, J.J.",Point Guard,Dallas Mavericks,Northeastern
"Bayless, Jerryd",Point Guard,Philadelphia 76ers,Arizona
"Beverley, Patrick",Point Guard,Houston Rockets,Arkansas
"Bledsoe, Eric",Point Guard,Phoenix Suns,Kentucky
"Brooks, Aaron",Point Guard,Indiana Pacers,Oregon
"Brown, Bobby",Point Guard,Houston Rockets,Cal State Fullerton
"Burke, Trey",Point Guard,Washington Wizards,Michigan
"Calderon, Jose",Point Guard,Los Angeles Lakers,No College
"Canaan, Isaiah",Point Guard,Chicago Bulls,Murray State
"Carter-Williams, Michael",Point Guard,Chicago Bulls,Syracuse
"Christon, Semaj",Point Guard,Oklahoma City Thunder,Xavier
"Clarkson, Jordan",Point Guard,Los Angeles Lakers,Missouri
"Collison, Darren",Point Guard,Sacramento Kings,UCLA
"Conley, Mike",Point Guard,Memphis Grizzlies,Ohio State
"Curry, Stephen",Point Guard,Golden State Warriors,Davidson
"Delaney, Malcolm",Point Guard,Atlanta Hawks,Virginia Tech
"Dellavedova, Matthew",Point Guard,Milwaukee Bucks,Saint Mary's
"Dinwiddie, Spencer",Point Guard,Brooklyn Nets,Colorado
"Dragic, Goran",Point Guard,Miami Heat,No College
"Dunn, Kris",Point Guard,Minnesota Timberwolves,Providence
"Ennis, Tyler",Point Guard,Houston Rockets,Syracuse
"Exum, Dante",Point Guard,Utah Jazz,No College
"Felder, Kay",Point Guard,Cleveland Cavaliers,No College
"Felton, Raymond",Point Guard,LA Clippers,North Carolina
"Frazier, Tim",Point Guard,New Orleans Pelicans,Penn State
"Gibson, Jonathan",Point Guard,Dallas Mavericks,New Mexico State
"Grant, Jerian",Point Guard,Chicago Bulls,Notre Dame
"Harris, Devin",Point Guard,Dallas Mavericks,Wisconsin
"Harrison, Andrew",Point Guard,Memphis Grizzlies,Kentucky
"Hill, George",Point Guard,Utah Jazz,IUPUI
"Holiday, Jrue",Point Guard,New Orleans Pelicans,UCLA
"Huertas, Marcelo",Point Guard,Los Angeles Lakers,No College
"Irving, Kyrie",Point Guard,Cleveland Cavaliers,Duke
"Jackson, Demetrius",Point Guard,Boston Celtics,Notre Dame
"Jackson, Reggie",Point Guard,Detroit Pistons,Boston College
"Jennings, Brandon",Point Guard,New York Knicks,No College
"Jones, Tyus",Point Guard,Minnesota Timberwolves,Duke
"Joseph, Cory",Point Guard,Toronto Raptors,Texas
"Knight, Brandon",Point Guard,Phoenix Suns,Kentucky
"LaVine, Zach",Point Guard,Minnesota Timberwolves,UCLA
"Lawson, Ty",Point Guard,Sacramento Kings,North Carolina
"Lillard, Damian",Point Guard,Portland Trail Blazers,Weber State
"Lin, Jeremy",Point Guard,Brooklyn Nets,Harvard
"Livingston, Shaun",Point Guard,Golden State Warriors,No College
"Lowry, Kyle",Point Guard,Toronto Raptors,Villanova
"Mack, Shelvin",Point Guard,Utah Jazz,Butler
"McCaw, Patrick",Point Guard,Golden State Warriors,UNLV
"McConnell, T.J.",Point Guard,Philadelphia 76ers,Arizona
"Mills, Patty",Point Guard,San Antonio Spurs,Saint Mary's
"Mudiay, Emmanuel",Point Guard,Denver Nuggets,No College
"Murray, Dejounte",Point Guard,San Antonio Spurs,Washington
"Napier, Shabazz",Point Guard,Portland Trail Blazers,Connecticut
"Nelson, Jameer",Point Guard,Denver Nuggets,Saint Joseph's
"Neto, Raul",Point Guard,Utah Jazz,No College
"Parker, Tony",Point Guard,San Antonio Spurs,No College
"Paul, Chris",Point Guard,LA Clippers,Wake Forest
"Payne, Cameron",Point Guard,Oklahoma City Thunder,Murray State
"Payton, Elfrid",Point Guard,Orlando Magic,Louisiana-Lafayette
"Rivers, Austin",Point Guard,LA Clippers,Duke
"Roberts, Brian",Point Guard,Charlotte Hornets,Dayton
"Rodriguez, Sergio",Point Guard,Philadelphia 76ers,No College
"Rondo, Rajon",Point Guard,Chicago Bulls,Kentucky
"Rose, Derrick",Point Guard,New York Knicks,Memphis
"Rozier, Terry",Point Guard,Boston Celtics,Louisville
"Rubio, Ricky",Point Guard,Minnesota Timberwolves,No College
"Russell, D'Angelo",Point Guard,Los Angeles Lakers,Ohio State
"Schroder, Dennis",Point Guard,Atlanta Hawks,No College
"Sessions, Ramon",Point Guard,Charlotte Hornets,Nevada
"Smart, Marcus",Point Guard,Boston Celtics,Oklahoma State
"Smith, Ish",Point Guard,Detroit Pistons,Wake Forest
"Stuckey, Rodney",Point Guard,Indiana Pacers,Eastern Washington
"Teague, Jeff",Point Guard,Indiana Pacers,Wake Forest
"Thomas, Isaiah",Point Guard,Boston Celtics,Washington
"Udrih, Beno",Point Guard,Detroit Pistons,No College
"Ulis, Tyler",Point Guard,Phoenix Suns,Kentucky
"VanVleet, Fred",Point Guard,Toronto Raptors,Wichita State
"Walker, Kemba",Point Guard,Charlotte Hornets,Connecticut
"Wall, John",Point Guard,Washington Wizards,Kentucky
"Watson, C.J.",Point Guard,Orlando Magic,Tennessee
"Westbrook, Russell",Point Guard,Oklahoma City Thunder,UCLA
"Whitehead, Isaiah",Point Guard,Brooklyn Nets,Seton Hall
"Williams, Deron",Point Guard,Dallas Mavericks,Illinois
"Williams, Mo",Point Guard,Atlanta Hawks,Alabama
"Wright, Delon",Point Guard,Toronto Raptors,Utah
"Young, Joe",Point Guard,Indiana Pacers,Oregon
"Abrines, Alex",Shooting Guard,Oklahoma City Thunder,No College
"Afflalo, Arron",Shooting Guard,Sacramento Kings,UCLA
"Allen, Tony",Shooting Guard,Memphis Grizzlies,Oklahoma State
"Anderson, Alan",Shooting Guard,LA Clippers,Michigan State
"Anderson, Justin",Shooting Guard,Dallas Mavericks,Virginia
"Anderson, Kyle",Shooting Guard,San Antonio Spurs,UCLA
"Baker, Ron",Shooting Guard,New York Knicks,Wichita State
"Barbosa, Leandro",Shooting Guard,Phoenix Suns,No College
"Barton, Will",Shooting Guard,Denver Nuggets,Memphis
"Batum, Nicolas",Shooting Guard,Charlotte Hornets,No College
"Beal, Bradley",Shooting Guard,Washington Wizards,Florida
"Beasley, Malik",Shooting Guard,Denver Nuggets,Florida State
"Belinelli, Marco",Shooting Guard,Charlotte Hornets,No College
"Bogdanovic, Bojan",Shooting Guard,Brooklyn Nets,No College
"Booker, Devin",Shooting Guard,Phoenix Suns,Kentucky
"Bradley, Avery",Shooting Guard,Boston Celtics,Texas
"Brogdon, Malcolm",Shooting Guard,Milwaukee Bucks,Virginia
"Burks, Alec",Shooting Guard,Utah Jazz,Colorado
"Caldwell-Pope, Kentavious",Shooting Guard,Detroit Pistons,Georgia
"Carter, Vince",Shooting Guard,Memphis Grizzlies,North Carolina
"Clark, Ian",Shooting Guard,Golden State Warriors,Belmont
"Connaughton, Pat",Shooting Guard,Portland Trail Blazers,Notre Dame
"Crabbe, Allen",Shooting Guard,Portland Trail Blazers,California
"Crawford, Jamal",Shooting Guard,LA Clippers,Michigan
"Curry, Seth",Shooting Guard,Dallas Mavericks,Duke
"Daniels, Troy",Shooting Guard,Memphis Grizzlies,Virginia Commonwealth
"DeRozan, DeMar",Shooting Guard,Toronto Raptors,USC
"Dunleavy, Mike",Shooting Guard,Cleveland Cavaliers,Duke
"Ellington, Wayne",Shooting Guard,Miami Heat,North Carolina
"Ellis, Monta",Shooting Guard,Indiana Pacers,No College
"Evans, Tyreke",Shooting Guard,New Orleans Pelicans,Memphis
"Forbes, Bryn",Shooting Guard,San Antonio Spurs,Michigan State
"Fournier, Evan",Shooting Guard,Orlando Magic,No College
"Foye, Randy",Shooting Guard,Brooklyn Nets,Villanova
"Galloway, Langston",Shooting Guard,New Orleans Pelicans,Saint Joseph's
"Gbinije, Michael",Shooting Guard,Detroit Pistons,Syracuse
"Ginobili, Manu",Shooting Guard,San Antonio Spurs,No College
"Gordon, Eric",Shooting Guard,Houston Rockets,Indiana
"Graham, Treveon",Shooting Guard,Charlotte Hornets,Virginia Commonwealth
"Green, Danny",Shooting Guard,San Antonio Spurs,North Carolina
"Hardaway Jr., Tim",Shooting Guard,Atlanta Hawks,Michigan
"Harden, James",Shooting Guard,Houston Rockets,Arizona State
"Harris, Gary",Shooting Guard,Denver Nuggets,Michigan State
"Henderson, Gerald",Shooting Guard,Philadelphia 76ers,Duke
"Hezonja, Mario",Shooting Guard,Orlando Magic,No College
"Hield, Buddy",Shooting Guard,New Orleans Pelicans,Oklahoma
"Hilliard, Darrun",Shooting Guard,Detroit Pistons,Villanova
"Holiday, Justin",Shooting Guard,New York Knicks,Washington
"Hood, Rodney",Shooting Guard,Utah Jazz,Duke
"Johnson, Tyler",Shooting Guard,Miami Heat,Fresno State
"Jones, James",Shooting Guard,Cleveland Cavaliers,Miami (FL)
"Kilpatrick, Sean",Shooting Guard,Brooklyn Nets,Cincinnati
"Korver, Kyle",Shooting Guard,Atlanta Hawks,Creighton
"Lamb, Jeremy",Shooting Guard,Charlotte Hornets,Connecticut
"Lee, Courtney",Shooting Guard,New York Knicks,Western Kentucky
"LeVert, Caris",Shooting Guard,Brooklyn Nets,Michigan
"Liggins, DeAndre",Shooting Guard,Cleveland Cavaliers,Kentucky
"Luwawu-Cabarrot, Timothe",Shooting Guard,Philadelphia 76ers,No College
"Matthews, Wesley",Shooting Guard,Dallas Mavericks,Marquette
"McClellan, Sheldon",Shooting Guard,Washington Wizards,Miami (FL)
"McCollum, C.J.",Shooting Guard,Portland Trail Blazers,Lehigh
"McDaniels, K.J.",Shooting Guard,Houston Rockets,Clemson
"McGruder, Rodney",Shooting Guard,Miami Heat,Kansas State
"McLemore, Ben",Shooting Guard,Sacramento Kings,Kansas
"McRae, Jordan",Shooting Guard,Cleveland Cavaliers,Tennessee
"Meeks, Jodie",Shooting Guard,Orlando Magic,Kentucky
"Middleton, Khris",Shooting Guard,Milwaukee Bucks,Texas A&M
"Miller, Mike",Shooting Guard,Denver Nuggets,Florida
"Moore, E'Twaun",Shooting Guard,New Orleans Pelicans,Purdue
"Morrow, Anthony",Shooting Guard,Oklahoma City Thunder,Georgia Tech
"Murray, Jamal",Shooting Guard,Denver Nuggets,Kentucky
"Oladipo, Victor",Shooting Guard,Oklahoma City Thunder,Indiana
"Pondexter, Quincy",Shooting Guard,New Orleans Pelicans,Washington
"Powell, Norman",Shooting Guard,Toronto Raptors,UCLA
"Quarterman, Tim",Shooting Guard,Portland Trail Blazers,LSU
"Redick, J.J.",Shooting Guard,LA Clippers,Duke
"Richardson, Josh",Shooting Guard,Miami Heat,Tennessee
"Richardson, Malachi",Shooting Guard,Sacramento Kings,Syracuse
"Robinson III, Glenn",Shooting Guard,Indiana Pacers,Michigan
"Rush, Brandon",Shooting Guard,Minnesota Timberwolves,Kansas
"Satoransky, Tomas",Shooting Guard,Washington Wizards,No College
"Shumpert, Iman",Shooting Guard,Cleveland Cavaliers,Georgia Tech
"Simmons, Jonathon",Shooting Guard,San Antonio Spurs,Houston
"Smith, J.R.",Shooting Guard,Cleveland Cavaliers,No College
"Snell, Tony",Shooting Guard,Milwaukee Bucks,New Mexico
"Stauskas, Nik",Shooting Guard,Philadelphia 76ers,Michigan
"Temple, Garrett",Shooting Guard,Sacramento Kings,LSU
"Terry, Jason",Shooting Guard,Milwaukee Bucks,Arizona
"Thompson, Klay",Shooting Guard,Golden State Warriors,Washington State
"Thornton, Marcus",Shooting Guard,Washington Wizards,LSU
"Turner, Evan",Shooting Guard,Portland Trail Blazers,Ohio State
"Valentine, Denzel",Shooting Guard,Chicago Bulls,Michigan State
"Vaughn, Rashad",Shooting Guard,Milwaukee Bucks,UNLV
"Vujacic, Sasha",Shooting Guard,New York Knicks,No College
"Wade, Dwyane",Shooting Guard,Chicago Bulls,Marquette
"Waiters, Dion",Shooting Guard,Miami Heat,Syracuse
"Wilcox, CJ",Shooting Guard,Orlando Magic,Washington
"Williams, Louis",Shooting Guard,Los Angeles Lakers,No College
"Young, James",Shooting Guard,Boston Celtics,Kentucky
"Young, Nick",Shooting Guard,Los Angeles Lakers,USC
"Aminu, Al-Farouq",Small Forward,Portland Trail Blazers,Wake Forest
"Antetokounmpo, Giannis",Small Forward,Milwaukee Bucks,No College
"Anthony, Carmelo",Small Forward,New York Knicks,Syracuse
"Ariza, Trevor",Small Forward,Houston Rockets,UCLA
"Babbitt, Luke",Small Forward,Miami Heat,Nevada
"Barnes, Harrison",Small Forward,Dallas Mavericks,North Carolina
"Barnes, Matt",Small Forward,Sacramento Kings,UCLA
"Bazemore, Kent",Small Forward,Atlanta Hawks,Old Dominion
"Beasley, Michael",Small Forward,Milwaukee Bucks,Kansas State
"Bembry, DeAndre",Small Forward,Atlanta Hawks,Saint Joseph's
"Bertans, Davis",Small Forward,San Antonio Spurs,No College
"Brewer, Corey",Small Forward,Houston Rockets,Florida
"Brown, Jaylen",Small Forward,Boston Celtics,California
"Brussino, Nicolas",Small Forward,Dallas Mavericks,No College
"Bullock, Reggie",Small Forward,Detroit Pistons,North Carolina
"Butler, Jimmy",Small Forward,Chicago Bulls,Marquette
"Caboclo, Bruno",Small Forward,Toronto Raptors,No College
"Carroll, DeMarre",Small Forward,Toronto Raptors,Missouri
"Casspi, Omri",Small Forward,Sacramento Kings,No College
"Chandler, Wilson",Small Forward,Denver Nuggets,DePaul
"Covington, Robert",Small Forward,Philadelphia 76ers,Tennessee State
"Crowder, Jae",Small Forward,Boston Celtics,Marquette
"Dekker, Sam",Small Forward,Houston Rockets,Wisconsin
"Deng, Luol",Small Forward,Los Angeles Lakers,Duke
"Dudley, Jared",Small Forward,Phoenix Suns,Boston College
"Durant, Kevin",Small Forward,Golden State Warriors,Texas
"Ennis, James",Small Forward,Memphis Grizzlies,Long Beach State
"Finney-Smith, Dorian",Small Forward,Dallas Mavericks,Florida
"Gallinari, Danilo",Small Forward,Denver Nuggets,No College
"Gay, Rudy",Small Forward,Sacramento Kings,Connecticut
"George, Paul",Small Forward,Indiana Pacers,Fresno State
"Grant, Jerami",Small Forward,Oklahoma City Thunder,Syracuse
"Green, Gerald",Small Forward,Boston Celtics,No College
"Green, Jeff",Small Forward,Orlando Magic,Georgetown
"Harkless, Maurice",Small Forward,Portland Trail Blazers,St. John's
"Harris, Joe",Small Forward,Brooklyn Nets,Virginia
"Harris, Tobias",Small Forward,Detroit Pistons,Tennessee
"Hayward, Gordon",Small Forward,Utah Jazz,Butler
"Hill, Solomon",Small Forward,New Orleans Pelicans,Arizona
"Hollis-Jefferson, Rondae",Small Forward,Brooklyn Nets,Arizona
"Huestis, Josh",Small Forward,Oklahoma City Thunder,Stanford
"Iguodala, Andre",Small Forward,Golden State Warriors,Arizona
"Ingles, Joe",Small Forward,Utah Jazz,No College
"Ingram, Brandon",Small Forward,Los Angeles Lakers,Duke
"James, LeBron",Small Forward,Cleveland Cavaliers,No College
"Jefferson, Richard",Small Forward,Cleveland Cavaliers,Arizona
"Johnson, Brice",Small Forward,LA Clippers,North Carolina
"Johnson, Joe",Small Forward,Utah Jazz,Arkansas
"Johnson, Stanley",Small Forward,Detroit Pistons,Arizona
"Johnson, Wesley",Small Forward,LA Clippers,Syracuse
"Jones Jr., Derrick",Small Forward,Phoenix Suns,UNLV
"Kidd-Gilchrist, Michael",Small Forward,Charlotte Hornets,Kentucky
"Kuzminskas, Mindaugas",Small Forward,New York Knicks,No College
"Layman, Jake",Small Forward,Portland Trail Blazers,Maryland
"Leonard, Kawhi",Small Forward,San Antonio Spurs,San Diego State
"Looney, Kevon",Small Forward,Golden State Warriors,UCLA
"McAdoo, James Michael",Small Forward,Golden State Warriors,North Carolina
"McDermott, Doug",Small Forward,Chicago Bulls,Creighton
"Miles, C.J.",Small Forward,Indiana Pacers,No College
"Muhammad, Shabazz",Small Forward,Minnesota Timberwolves,UCLA
"Ndour, Maurice Daly",Small Forward,New York Knicks,Ohio
"Niang, Georges",Small Forward,Indiana Pacers,Iowa State
"Novak, Steve",Small Forward,Milwaukee Bucks,Marquette
"Oubre Jr., Kelly",Small Forward,Washington Wizards,Kansas
"Parsons, Chandler",Small Forward,Memphis Grizzlies,Florida
"Pierce, Paul",Small Forward,LA Clippers,Kansas
"Porter Jr., Otto",Small Forward,Washington Wizards,Georgetown
"Prince, Taurean",Small Forward,Atlanta Hawks,Baylor
"Roberson, Andre",Small Forward,Oklahoma City Thunder,Colorado
"Ross, Terrence",Small Forward,Toronto Raptors,Washington
"Rudez, Damjan",Small Forward,Orlando Magic,No College
"Sefolosha, Thabo",Small Forward,Atlanta Hawks,No College
"Simmons, Ben",Small Forward,Philadelphia 76ers,LSU
"Singler, Kyle",Small Forward,Oklahoma City Thunder,Duke
"Thomas, Lance",Small Forward,New York Knicks,Duke
"Tucker, P.J.",Small Forward,Phoenix Suns,Texas
"Warren, TJ",Small Forward,Phoenix Suns,North Carolina State
"Wiggins, Andrew",Small Forward,Minnesota Timberwolves,Kansas
"Williams, Troy",Small Forward,Memphis Grizzlies,Indiana
"Wiltjer, Kyle",Small Forward,Houston Rockets,Gonzaga
"Winslow, Justise",Small Forward,Miami Heat,Duke
"World Peace, Metta",Small Forward,Los Angeles Lakers,St. John's
"Zipser, Paul",Small Forward,Chicago Bull,No College
"Aldridge, LaMarcus",Power Forward,San Antonio Spurs,Texas
"Allen, Lavoy",Power Forward,Indiana Pacers,Temple
"Andersen, Chris",Power Forward,Cleveland Cavaliers,Blinn College
"Anderson, Ryan",Power Forward,Houston Rockets,California
"Arthur, Darrell",Power Forward,Denver Nuggets,Kansas
"Bass, Brandon",Power Forward,LA Clippers,LSU
"Bender, Dragan",Power Forward,Phoenix Suns,No College
"Bennett, Anthony",Power Forward,Brooklyn Nets,UNLV
"Bjelica, Nemanja",Power Forward,Minnesota Timberwolves,No College
"Bolomboy, Joel",Power Forward,Utah Jazz,Weber State
"Booker, Trevor",Power Forward,Brooklyn Nets,Clemson
"Bosh, Chris",Power Forward,Miami Heat,Georgia Tech
"Chriss, Marquese",Power Forward,Phoenix Suns,Washington
"Christmas, Rakeem",Power Forward,Indiana Pacers,Syracuse
"Collison, Nick",Power Forward,Oklahoma City Thunder,Kansas
"Cousins, DeMarcus",Power Forward,Sacramento Kings,Kentucky
"Cunningham, Dante",Power Forward,New Orleans Pelicans,Villanova
"Davis, Anthony",Power Forward,New Orleans Pelicans,Kentucky
"Davis, Deyonta",Power Forward,Memphis Grizzlies,Michigan State
"Davis, Ed",Power Forward,Portland Trail Blazers,North Carolina
"Diallo, Cheick",Power Forward,New Orleans Pelicans,Kansas
"Dieng, Gorgui",Power Forward,Minnesota Timberwolves,Louisville
"Ellenson, Henry",Power Forward,Detroit Pistons,Marquette
"Famous, Jarrid",Power Forward,Memphis Grizzlies,South Florida
"Faried, Kenneth",Power Forward,Denver Nuggets,Morehead State
"Favors, Derrick",Power Forward,Utah Jazz,Georgia Tech
"Felicio, Cristiano",Power Forward,Chicago Bulls,No College
"Frye, Channing",Power Forward,Cleveland Cavaliers,Arizona
"Gibson, Taj",Power Forward,Chicago Bulls,USC
"Gordon, Aaron",Power Forward,Orlando Magic,Arizona
"Green, Draymond",Power Forward,Golden State Warriors,Michigan State
"Green, JaMychal",Power Forward,Memphis Grizzlies,Alabama
"Griffin, Blake",Power Forward,LA Clippers,Oklahoma
"Harrell, Montrezl",Power Forward,Houston Rockets,Louisville
"Haslem, Udonis",Power Forward,Miami Heat,Florida
"Hawes, Spencer",Power Forward,Charlotte Hornets,Washington
"Hernangomez, Juancho",Power Forward,Denver Nuggets,No College
"Hill, Jordan",Power Forward,Minnesota Timberwolves,Arizona
"Holmes, Richaun",Power Forward,Philadelphia 76ers,Bowling Green
"House Jr., Danuel",Power Forward,Washington Wizards,Texas A&M
"Humphries, Kris",Power Forward,Atlanta Hawks,Minnesota
"Ibaka, Serge",Power Forward,Orlando Magic,No College
"Ilyasova, Ersan",Power Forward,Philadelphia 76ers,No College
"Jerebko, Jonas",Power Forward,Boston Celtics,No College
"Johnson, Amir",Power Forward,Boston Celtics,No College
"Johnson, Brice",Power Forward,LA Clippers,North Carolina
"Johnson, James",Power Forward,Miami Heat,Wake Forest
"Jokic, Nikola",Power Forward,Denver Nuggets,No College
"Jones, Terrence",Power Forward,New Orleans Pelicans,Kentucky
"Labissiere, Skal",Power Forward,Sacramento Kings,Kentucky
"Lee, David",Power Forward,San Antonio Spurs,Florida
"Leonard, Meyers",Power Forward,Portland Trail Blazers,Illinois
"Leuer, Jon",Power Forward,Detroit Pistons,Wisconsin
"Love, Kevin",Power Forward,Cleveland Cavaliers,UCLA
"Lyles, Trey",Power Forward,Utah Jazz,Kentucky
"Maker, Thon",Power Forward,Milwaukee Bucks,No College
"Martin, Jarell",Power Forward,Memphis Grizzlies,LSU
"Mbah a Moute, Luc",Power Forward,LA Clippers,UCLA
"McCullough, Chris",Power Forward,Brooklyn Nets,Syracuse
"McRoberts, Josh",Power Forward,Miami Heat,Duke
"Mickey, Jordan",Power Forward,Boston Celtics,LSU
"Millsap, Paul",Power Forward,Atlanta Hawks,Louisiana Tech
"Mirotic, Nikola",Power Forward,Chicago Bulls,No College
"Morris, Marcus",Power Forward,Detroit Pistons,Kansas
"Morris, Markieff",Power Forward,Washington Wizards,Kansas
"Motiejunas, Donatas",Power Forward,New Orleans Pelicans,No College
"Muscala, Mike",Power Forward,Atlanta Hawks,Bucknell
"Nance Jr., Larry",Power Forward,Los Angeles Lakers,Wyoming
"Nicholson, Andrew",Power Forward,Washington Wizards,St. Bonaventure
"Noel, Nerlens",Power Forward,Philadelphia 76ers,Kentucky
"Nowitzki, Dirk",Power Forward,Dallas Mavericks,No College
"Ochefu, Daniel",Power Forward,Washington Wizards,Villanova
"Onuaku, Chinanu",Power Forward,Houston Rockets,Louisville
"Parker, Jabari",Power Forward,Milwaukee Bucks,Duke
"Patterson, Patrick",Power Forward,Toronto Raptors,Kentucky
"Payne, Adreian",Power Forward,Minnesota Timberwolves,Michigan State
"Portis, Bobby",Power Forward,Chicago Bulls,Arkansas
"Porzingis, Kristaps",Power Forward,New York Knicks,No College
"Powell, Dwight",Power Forward,Dallas Mavericks,Stanford
"Randle, Julius",Power Forward,Los Angeles Lakers,Kentucky
"Randolph, Zach",Power Forward,Memphis Grizzlies,Michigan State
"Reed, Willie",Power Forward,Miami Heat,Saint Louis
"Robinson, Thomas",Power Forward,Los Angeles Lakers,Kansas
"Sabonis, Domantas",Power Forward,Oklahoma City Thunder,Gonzaga
"Saric, Dario",Power Forward,Philadelphia 76ers,No College
"Scola, Luis",Power Forward,Brooklyn Nets,No College
"Scott, Mike",Power Forward,Atlanta Hawks,Virginia
"Siakam, Pascal",Power Forward,Toronto Raptors,New Mexico State
"Smith, Jason",Power Forward,Washington Wizards,Colorado State
"Teletovic, Mirza",Power Forward,Milwaukee Bucks,No College
"Tolliver, Anthony",Power Forward,Sacramento Kings,Creighton
"Vonleh, Noah",Power Forward,Portland Trail Blazers,Indiana
"West, David",Power Forward,Golden State Warriors,Xavier
"Williams, Alan",Power Forward,Phoenix Suns,UC Santa Barbara
"Williams, Derrick",Power Forward,Miami Heat,Arizona
"Williams, Marvin",Power Forward,Charlotte Hornets,North Carolina
"Wiltjer, Kyle",Power Forward,Houston Rockets,Gonzaga
"Wood, Christian",Power Forward,Charlotte Hornets,UNLV
"Wright, Brandan",Power Forward,Memphis Grizzlies,North Carolina
"Young, Thaddeus",Power Forward,Indiana Pacers,Georgia Tech
"Adams, Steven",Center,Oklahoma City Thunder,Pittsburgh
"Ajinca, Alexis",Center,New Orleans Pelicans,No College
"Aldrich, Cole",Center,Minnesota Timberwolves,Kansas
"Asik, Omer",Center,New Orleans Pelicans,No College
"Baynes, Aron",Center,Detroit Pistons,Washington State
"Biyombo, Bismack",Center,Orlando Magic,No College
"Black, Tarik",Center,Los Angeles Lakers,Kansas
"Bogut, Andrew",Center,Dallas Mavericks,Utah
"Capela, Clint",Center,Houston Rockets,No College
"Cauley-Stein, Willie",Center,Sacramento Kings,Kentucky
"Chandler, Tyson",Center,Phoenix Suns,No College
"Dedmon, Dewayne",Center,San Antonio Spurs,USC
"Diaw, Boris",Center,Utah Jazz,No College
"Drummond, Andre",Center,Detroit Pistons,Connecticut
"Embiid, Joel",Center,Philadelphia 76ers,Kansas
"Ezeli, Festus",Center,Portland Trail Blazers,Vanderbilt
"Gasol, Marc",Center,Memphis Grizzlies,No College
"Gasol, Pau",Center,San Antonio Spurs,No College
"Gobert, Rudy",Center,Utah Jazz,No College
"Gortat, Marcin",Center,Washington Wizards,No College
"Hamilton, Justin",Center,Brooklyn Nets,LSU
"Hammons, A.J.",Center,Dallas Mavericks,Purdue
"Henson, John",Center,Milwaukee Bucks,North Carolina
"Hernangomez, Willy",Center,New York Knicks,No College
"Hibbert, Roy",Center,Charlotte Hornets,Georgetown
"Hilario, Nene",Center,Houston Rockets,No College
"Horford, Al",Center,Boston Celtics,Florida
"Howard, Dwight",Center,Atlanta Hawks,No College
"Jefferson, Al",Center,Indiana Pacers,No College
"Jones, Damian",Center,Golden State Warriors,Vanderbilt
"Jordan, DeAndre",Center,LA Clippers,Texas A&M
"Kaminsky III, Frank",Center,Charlotte Hornets,Wisconsin
"Kanter, Enes",Center,Oklahoma City Thunder,Kentucky
"Koufos, Kosta",Center,Sacramento Kings,Ohio State
"Lauvergne, Joffrey",Center,Oklahoma City Thunder,No College
"Len, Alex",Center,Phoenix Suns,Maryland
"Lopez, Brook",Center,Brooklyn Nets,Stanford
"Lopez, Robin",Center,Chicago Bulls,Stanford
"Mahinmi, Ian",Center,Washington Wizards,No College
"Marjanovic, Boban",Center,Detroit Pistons,No College
"McGee, JaVale",Center,Golden State Warriors,Nevada
"Mejri, Salah",Center,Dallas Mavericks,No College
"Monroe, Greg",Center,Milwaukee Bucks,Georgetown
"Mozgov, Timofey",Center,Los Angeles Lakers,No College
"Noah, Joakim",Center,New York Knicks,Florida
"Nogueira, Lucas",Center,Toronto Raptors,No College
"Nurkic, Jusuf",Center,Denver Nuggets,No College
"O'Quinn, Kyle",Center,New York Knicks,Norfolk State
"Okafor, Jahlil",Center,Philadelphia 76ers,Duke
"Olynyk, Kelly",Center,Boston Celtics,Gonzaga
"Pachulia, Zaza",Center,Golden State Warriors,No College
"Papagiannis, Georgios",Center,Sacramento Kings,No College
"Pekovic, Nikola",Center,Minnesota Timberwolves,No College
"Plumlee, Marshall",Center,New York Knicks,Duke
"Plumlee, Mason",Center,Portland Trail Blazers,Duke
"Plumlee, Miles",Center,Milwaukee Bucks,Duke
"Poeltl, Jakob",Center,Toronto Raptors,Utah
"Seraphin, Kevin",Center,Indiana Pacers,No College
"Speights, Marreese",Center,LA Clippers,Florida
"Splitter, Tiago",Center,Atlanta Hawks,No College
"Stone, Diamond",Center,LA Clippers,Maryland
"Sullinger, Jared",Center,Toronto Raptors,Ohio State
"Thompson, Tristan",Center,Cleveland Cavaliers,Texas
"Towns, Karl-Anthony",Center,Minnesota Timberwolves,Kentucky
"Turner, Myles",Center,Indiana Pacers,Texas
"Valanciunas, Jonas",Center,Toronto Raptors,No College
"Varejao, Anderson",Center,Golden State Warriors,No College
"Vucevic, Nikola",Center,Orlando Magic,USC
"Whiteside, Hassan",Center,Miami Heat,Marshall
"Withey, Jeff",Center,Utah Jazz,Kansas
"Zeller, Cody",Center,Charlotte Hornets,Indiana
"Zeller, Tyler",Center,Boston Celtics,North Carolina
"Zimmerman, Stephen",Center,Orlando Magic,UNLV
"Zubac, Ivica",Center,Los Angeles Lakers,No College
