PlayerId,Property,RowId #,Team,Value
abdulta01,year,Row 0,DEN,caaa
abdulta01,year,Row 1,DEN,caaa
abdulta01,year,Row 2,DEN,caaa
abdulta01,year,Row 3,DEN,caaa
abdulta01,year,Row 4,DEN,caaa
abdulta01,year,Row 5,DEN,caaa
abdursh01,year,Row 6,VAN,caaa
abdursh01,year,Row 7,VAN,caaa
abdursh01,year,Row 8,VAN,caaa
abdursh01,year,Row 9,VAN,caaa
abdursh01,year,Row 10,VAN,caaa
abdursh01,year,Row 11,VAN,caaa
abdursh01,year,Row 12,VAN,caaa
abdursh01,year,Row 13,VAN,caaa
allenma01,year,Row 14,MIA,caac
allenma01,year,Row 15,MIA,caac
allenma01,year,Row 16,MIA,caac
allenma01,year,Row 17,MIA,caac
allenma01,year,Row 18,MIA,caac
allenma01,year,Row 19,MIA,caac
allenra02,year,Row 20,MIL,caaa
allenra02,year,Row 21,MIL,caaa
allenra02,year,Row 22,MIL,caaa
allenra02,year,Row 23,MIL,caaa
allenra02,year,Row 24,MIL,caaa
allenra02,year,Row 25,MIL,caaa
allenra02,year,Row 26,MIL,caaa
allenra02,year,Row 27,MIL,caaa
alstora01,year,Row 28,MIL,caaa
alstora01,year,Row 29,MIL,caaa
alstora01,year,Row 30,MIL,caaa
alstora01,year,Row 31,MIL,caaa
alstora01,year,Row 32,MIL,caaa
alstora01,year,Row 33,MIL,caaa
anderde01,year,Row 34,SAS,caaa
anderde01,year,Row 35,SAS,caaa
anderde01,year,Row 36,SAS,caaa
anderde01,year,Row 37,SAS,caaa
anderde01,year,Row 38,SAS,caaa
anderde01,year,Row 39,SAS,caaa
anderde01,year,Row 40,SAS,caaa
anderke01,year,Row 41,BOS,caaa
anderke01,year,Row 42,BOS,caaa
anderke01,year,Row 43,BOS,caaa
anderke01,year,Row 44,BOS,caaa
anderke01,year,Row 45,BOS,caaa
anderke01,year,Row 46,BOS,caaa
anderke01,year,Row 47,BOS,caaa
anderke01,year,Row 48,BOS,caaa
andersh01,year,Row 49,HOU,caaa
andersh01,year,Row 50,HOU,caaa
andersh01,year,Row 51,HOU,caaa
andersh01,year,Row 52,HOU,caaa
andersh01,year,Row 53,HOU,caaa
andersh01,year,Row 54,HOU,caaa
andersh01,year,Row 55,HOU,caaa
andersh01,year,Row 56,HOU,caaa
armstda01,year,Row 57,ORL,caaa
armstda01,year,Row 58,ORL,caaa
armstda01,year,Row 59,ORL,caaa
armstda01,year,Row 60,ORL,caaa
armstda01,year,Row 61,ORL,caaa
armstda01,year,Row 62,ORL,caaa
armstda01,year,Row 63,ORL,caaa
armstda01,year,Row 64,ORL,caaa
arroyca01,year,Row 65,UTA,caac
arroyca01,year,Row 66,UTA,caac
arroyca01,year,Row 67,UTA,caac
arroyca01,year,Row 68,UTA,caac
arroyca01,year,Row 69,UTA,caac
arroyca01,year,Row 70,UTA,caac
arroyca01,year,Row 71,UTA,caac
arroyca01,year,Row 72,UTA,caac
arroyca01,year,Row 73,UTA,caac
artesro01,year,Row 74,CHI,caaa
artesro01,year,Row 75,CHI,caaa
artesro01,year,Row 76,CHI,caaa
artesro01,year,Row 77,CHI,caaa
artesro01,year,Row 78,CHI,caaa
artesro01,year,Row 79,CHI,caaa
artesro01,year,Row 80,CHI,caaa
artesro01,year,Row 81,CHI,caaa
artesro01,year,Row 82,CHI,caaa
atkinch01,year,Row 83,DET,caaa
atkinch01,year,Row 84,DET,caaa
atkinch01,year,Row 85,DET,caaa
atkinch01,year,Row 86,DET,caaa
atkinch01,year,Row 87,DET,caaa
atkinch01,year,Row 88,DET,caaa
atkinch01,year,Row 89,DET,caaa
atkinch01,year,Row 90,DET,caaa
atkinch01,year,Row 91,DET,caaa
augmost01,year,Row 92,POR,caaa
augmost01,year,Row 93,POR,caaa
augmost01,year,Row 94,POR,caaa
augmost01,year,Row 95,POR,caaa
augmost01,year,Row 96,POR,caaa
augmost01,year,Row 97,POR,caaa
bakervi01,year,Row 98,SEA,caaa
bakervi01,year,Row 99,SEA,caaa
bakervi01,year,Row 100,SEA,caaa
bakervi01,year,Row 101,SEA,caaa
bakervi01,year,Row 102,SEA,caaa
bakervi01,year,Row 103,SEA,caaa
bakervi01,year,Row 104,SEA,caaa
bakervi01,year,Row 105,SEA,caaa
bakervi01,year,Row 106,SEA,caaa
bakervi01,year,Row 107,SEA,caaa
bakervi01,year,Row 108,SEA,caaa
barrybr01,year,Row 109,SEA,caaa
barrybr01,year,Row 110,SEA,caaa
barrybr01,year,Row 111,SEA,caaa
barrybr01,year,Row 112,SEA,caaa
barrybr01,year,Row 113,SEA,caaa
barrybr01,year,Row 114,SEA,caaa
barryjo01,year,Row 115,SAC,caaa
barryjo01,year,Row 116,SAC,caaa
barryjo01,year,Row 117,SAC,caaa
barryjo01,year,Row 118,SAC,caaa
barryjo01,year,Row 119,SAC,caaa
barryjo01,year,Row 120,SAC,caaa
barryjo01,year,Row 121,SAC,caaa
barryjo01,year,Row 122,SAC,caaa
battito01,year,Row 123,BOS,caaa
battito01,year,Row 124,BOS,caaa
battito01,year,Row 125,BOS,caaa
battito01,year,Row 126,BOS,caaa
battito01,year,Row 127,BOS,caaa
battito01,year,Row 128,BOS,caaa
battito01,year,Row 129,BOS,caaa
battito01,year,Row 130,BOS,caaa
baxtelo01,year,Row 131,CHI,caad
baxtelo01,year,Row 132,CHI,caad
baxtelo01,year,Row 133,CHI,caad
baxtelo01,year,Row 134,CHI,caad
baxtelo01,year,Row 135,CHI,caad
baxtelo01,year,Row 136,CHI,caad
baxtelo01,year,Row 137,CHI,caad
baxtelo01,year,Row 138,CHI,caad
bendejo01,year,Row 139,IND,caaa
bendejo01,year,Row 140,IND,caaa
bendejo01,year,Row 141,IND,caaa
bendejo01,year,Row 142,IND,caaa
bendejo01,year,Row 143,IND,caaa
bendejo01,year,Row 144,IND,caaa
besttr01,year,Row 145,IND,caaa
besttr01,year,Row 146,IND,caaa
besttr01,year,Row 147,IND,caaa
besttr01,year,Row 148,IND,caaa
besttr01,year,Row 149,IND,caaa
besttr01,year,Row 150,IND,caaa
besttr01,year,Row 151,IND,caaa
bibbymi01,year,Row 152,VAN,caaa
bibbymi01,year,Row 153,VAN,caaa
bibbymi01,year,Row 154,VAN,caaa
bibbymi01,year,Row 155,VAN,caaa
bibbymi01,year,Row 156,VAN,caaa
bibbymi01,year,Row 157,VAN,caaa
billuch01,year,Row 158,MIN,caaa
billuch01,year,Row 159,MIN,caaa
billuch01,year,Row 160,MIN,caaa
billuch01,year,Row 161,MIN,caaa
billuch01,year,Row 162,MIN,caaa
billuch01,year,Row 163,MIN,caaa
blounco01,year,Row 164,PHO,caaa
blounco01,year,Row 165,PHO,caaa
blounco01,year,Row 166,PHO,caaa
blounco01,year,Row 167,PHO,caaa
blounco01,year,Row 168,PHO,caaa
blounco01,year,Row 169,PHO,caaa
blounco01,year,Row 170,PHO,caaa
blounma01,year,Row 171,BOS,caab
blounma01,year,Row 172,BOS,caab
blounma01,year,Row 173,BOS,caab
blounma01,year,Row 174,BOS,caab
blounma01,year,Row 175,BOS,caab
blounma01,year,Row 176,BOS,caab
blounma01,year,Row 177,BOS,caab
blounma01,year,Row 178,BOS,caab
boothca01,year,Row 179,WAS,caaa
boothca01,year,Row 180,WAS,caaa
boothca01,year,Row 181,WAS,caaa
boothca01,year,Row 182,WAS,caaa
boothca01,year,Row 183,WAS,caaa
boothca01,year,Row 184,WAS,caaa
boothca01,year,Row 185,WAS,caaa
boothca01,year,Row 186,WAS,caaa
boothca01,year,Row 187,WAS,caaa
boothca01,year,Row 188,WAS,caaa
bowenbr01,year,Row 189,MIA,caaa
bowenbr01,year,Row 190,MIA,caaa
bowenbr01,year,Row 191,MIA,caaa
bowenbr01,year,Row 192,MIA,caaa
bowenbr01,year,Row 193,MIA,caaa
bowenbr01,year,Row 194,MIA,caaa
bowenbr01,year,Row 195,MIA,caaa
bowenry01,year,Row 196,DEN,caaa
bowenry01,year,Row 197,DEN,caaa
bowenry01,year,Row 198,DEN,caaa
bowenry01,year,Row 199,DEN,caaa
bowenry01,year,Row 200,DEN,caaa
bowenry01,year,Row 201,DEN,caaa
boykiea01,year,Row 202,LAC,caaa
boykiea01,year,Row 203,LAC,caaa
boykiea01,year,Row 204,LAC,caaa
boykiea01,year,Row 205,LAC,caaa
boykiea01,year,Row 206,LAC,caaa
boykiea01,year,Row 207,LAC,caaa
boykiea01,year,Row 208,LAC,caaa
bradlmi01,year,Row 209,TOR,caac
bradlmi01,year,Row 210,TOR,caac
bradlmi01,year,Row 211,TOR,caac
bradlmi01,year,Row 212,TOR,caac
bradlmi01,year,Row 213,TOR,caac
bradlmi01,year,Row 214,TOR,caac
bradlmi01,year,Row 215,TOR,caac
bradlmi01,year,Row 216,TOR,caac
bradlmi01,year,Row 217,TOR,caac
bradlmi01,year,Row 218,TOR,caac
bradlmi01,year,Row 219,TOR,caac
bradlmi01,year,Row 220,TOR,caac
brandel01,year,Row 221,CHI,caaa
brandel01,year,Row 222,CHI,caaa
brandel01,year,Row 223,CHI,caaa
brandel01,year,Row 224,CHI,caaa
brandel01,year,Row 225,CHI,caaa
brandel01,year,Row 226,CHI,caaa
brownch01,year,Row 227,GSW,caaa
brownch01,year,Row 228,GSW,caaa
brownch01,year,Row 229,GSW,caaa
brownch01,year,Row 230,GSW,caaa
brownch01,year,Row 231,GSW,caaa
brownch01,year,Row 232,GSW,caaa
brownpj01,year,Row 233,CHH,caaa
brownpj01,year,Row 234,CHH,caaa
brownpj01,year,Row 235,CHH,caaa
brownpj01,year,Row 236,CHH,caaa
brownpj01,year,Row 237,CHH,caaa
brownpj01,year,Row 238,CHH,caaa
brunsri01,year,Row 239,BOS,caaa
brunsri01,year,Row 240,BOS,caaa
brunsri01,year,Row 241,BOS,caaa
brunsri01,year,Row 242,BOS,caaa
brunsri01,year,Row 243,BOS,caaa
brunsri01,year,Row 244,BOS,caaa
brunsri01,year,Row 245,BOS,caaa
brunsri01,year,Row 246,BOS,caaa
brunsri01,year,Row 247,BOS,caaa
brunsri01,year,Row 248,BOS,caaa
brunsri01,year,Row 249,BOS,caaa
bryanko01,year,Row 250,LAL,caaa
bryanko01,year,Row 251,LAL,caaa
bryanko01,year,Row 252,LAL,caaa
bryanko01,year,Row 253,LAL,caaa
bryanko01,year,Row 254,LAL,caaa
bryanko01,year,Row 255,LAL,caaa
buckngr01,year,Row 256,DAL,caaa
buckngr01,year,Row 257,DAL,caaa
buckngr01,year,Row 258,DAL,caaa
buckngr01,year,Row 259,DAL,caaa
buckngr01,year,Row 260,DAL,caaa
buckngr01,year,Row 261,DAL,caaa
cambyma01,year,Row 262,NYK,caaa
cambyma01,year,Row 263,NYK,caaa
cambyma01,year,Row 264,NYK,caaa
cambyma01,year,Row 265,NYK,caaa
cambyma01,year,Row 266,NYK,caaa
cambyma01,year,Row 267,NYK,caaa
campbel01,year,Row 268,CHH,caaa
campbel01,year,Row 269,CHH,caaa
campbel01,year,Row 270,CHH,caaa
campbel01,year,Row 271,CHH,caaa
campbel01,year,Row 272,CHH,caaa
campbel01,year,Row 273,CHH,caaa
campbel01,year,Row 274,CHH,caaa
campbel01,year,Row 275,CHH,caaa
cartean01,year,Row 276,MIA,caaa
cartean01,year,Row 277,MIA,caaa
cartean01,year,Row 278,MIA,caaa
cartean01,year,Row 279,MIA,caaa
cartean01,year,Row 280,MIA,caaa
cartean01,year,Row 281,MIA,caaa
cartevi01,year,Row 282,TOR,caaa
cartevi01,year,Row 283,TOR,caaa
cartevi01,year,Row 284,TOR,caaa
cartevi01,year,Row 285,TOR,caaa
cartevi01,year,Row 286,TOR,caaa
cartevi01,year,Row 287,TOR,caaa
cartevi01,year,Row 288,TOR,caaa
cartevi01,year,Row 289,TOR,caaa
cassesa01,year,Row 290,MIL,caaa
cassesa01,year,Row 291,MIL,caaa
cassesa01,year,Row 292,MIL,caaa
cassesa01,year,Row 293,MIL,caaa
cassesa01,year,Row 294,MIL,caaa
cassesa01,year,Row 295,MIL,caaa
catoke01,year,Row 296,HOU,caaa
catoke01,year,Row 297,HOU,caaa
catoke01,year,Row 298,HOU,caaa
catoke01,year,Row 299,HOU,caaa
catoke01,year,Row 300,HOU,caaa
catoke01,year,Row 301,HOU,caaa
catoke01,year,Row 302,HOU,caaa
cheanca01,year,Row 303,DEN,caaa
cheanca01,year,Row 304,DEN,caaa
cheanca01,year,Row 305,DEN,caaa
cheanca01,year,Row 306,DEN,caaa
cheanca01,year,Row 307,DEN,caaa
cheanca01,year,Row 308,DEN,caaa
chrisdo01,year,Row 309,SAC,caaa
chrisdo01,year,Row 310,SAC,caaa
chrisdo01,year,Row 311,SAC,caaa
chrisdo01,year,Row 312,SAC,caaa
chrisdo01,year,Row 313,SAC,caaa
chrisdo01,year,Row 314,SAC,caaa
chrisdo01,year,Row 315,SAC,caaa
chrisdo01,year,Row 316,SAC,caaa
clarkke01,year,Row 317,DEN,caaa
clarkke01,year,Row 318,DEN,caaa
clarkke01,year,Row 319,DEN,caaa
clarkke01,year,Row 320,DEN,caaa
clarkke01,year,Row 321,DEN,caaa
clarkke01,year,Row 322,DEN,caaa
claxtsp01,year,Row 323,SAS,caac
claxtsp01,year,Row 324,SAS,caac
claxtsp01,year,Row 325,SAS,caac
claxtsp01,year,Row 326,SAS,caac
claxtsp01,year,Row 327,SAS,caac
claxtsp01,year,Row 328,SAS,caac
colesbi01,year,Row 329,CLE,caaa
colesbi01,year,Row 330,CLE,caaa
colesbi01,year,Row 331,CLE,caaa
colesbi01,year,Row 332,CLE,caaa
colesbi01,year,Row 333,CLE,caaa
colesbi01,year,Row 334,CLE,caaa
croshau01,year,Row 335,IND,caaa
croshau01,year,Row 336,IND,caaa
croshau01,year,Row 337,IND,caaa
croshau01,year,Row 338,IND,caaa
croshau01,year,Row 339,IND,caaa
croshau01,year,Row 340,IND,caaa
dampier01,year,Row 341,GSW,caaa
dampier01,year,Row 342,GSW,caaa
dampier01,year,Row 343,GSW,caaa
dampier01,year,Row 344,GSW,caaa
dampier01,year,Row 345,GSW,caaa
dampier01,year,Row 346,GSW,caaa
daniean01,year,Row 347,SAS,caaa
daniean01,year,Row 348,SAS,caaa
daniean01,year,Row 349,SAS,caaa
daniean01,year,Row 350,SAS,caaa
daniean01,year,Row 351,SAS,caaa
daniean01,year,Row 352,SAS,caaa
davisan01,year,Row 353,TOR,caaa
davisan01,year,Row 354,TOR,caaa
davisan01,year,Row 355,TOR,caaa
davisan01,year,Row 356,TOR,caaa
davisan01,year,Row 357,TOR,caaa
davisan01,year,Row 358,TOR,caaa
davisan01,year,Row 359,TOR,caaa
davisan01,year,Row 360,TOR,caaa
davisan01,year,Row 361,TOR,caaa
davisba01,year,Row 362,CHH,caaa
davisba01,year,Row 363,CHH,caaa
davisba01,year,Row 364,CHH,caaa
davisba01,year,Row 365,CHH,caaa
davisba01,year,Row 366,CHH,caaa
davisba01,year,Row 367,CHH,caaa
davisba01,year,Row 368,CHH,caaa
davisba01,year,Row 369,CHH,caaa
davisda01,year,Row 370,POR,caaa
davisda01,year,Row 371,POR,caaa
davisda01,year,Row 372,POR,caaa
davisda01,year,Row 373,POR,caaa
davisda01,year,Row 374,POR,caaa
davisda01,year,Row 375,POR,caaa
davisda01,year,Row 376,POR,caaa
davisda01,year,Row 377,POR,caaa
davishu01,year,Row 378,DAL,caaa
davishu01,year,Row 379,DAL,caaa
davishu01,year,Row 380,DAL,caaa
davishu01,year,Row 381,DAL,caaa
davishu01,year,Row 382,DAL,caaa
davishu01,year,Row 383,DAL,caaa
davishu01,year,Row 384,DAL,caaa
davisri01,year,Row 385,MIA,caaa
davisri01,year,Row 386,MIA,caaa
davisri01,year,Row 387,MIA,caaa
davisri01,year,Row 388,MIA,caaa
davisri01,year,Row 389,MIA,caaa
davisri01,year,Row 390,MIA,caaa
davisri01,year,Row 391,MIA,caaa
davisri01,year,Row 392,MIA,caaa
davisri01,year,Row 393,MIA,caaa
delkto01,year,Row 394,PHO,caaa
delkto01,year,Row 395,PHO,caaa
delkto01,year,Row 396,PHO,caaa
delkto01,year,Row 397,PHO,caaa
delkto01,year,Row 398,PHO,caaa
delkto01,year,Row 399,PHO,caaa
delkto01,year,Row 400,PHO,caaa
delkto01,year,Row 401,PHO,caaa
delkto01,year,Row 402,PHO,caaa
dickada01,year,Row 403,ATL,caad
dickada01,year,Row 404,ATL,caad
dickada01,year,Row 405,ATL,caad
dickada01,year,Row 406,ATL,caad
dickada01,year,Row 407,ATL,caad
dickada01,year,Row 408,ATL,caad
dickada01,year,Row 409,ATL,caad
dickada01,year,Row 410,ATL,caad
doleami01,year,Row 411,ORL,caaa
doleami01,year,Row 412,ORL,caaa
doleami01,year,Row 413,ORL,caaa
doleami01,year,Row 414,ORL,caaa
doleami01,year,Row 415,ORL,caaa
doleami01,year,Row 416,ORL,caaa
doleami01,year,Row 417,ORL,caaa
doleami01,year,Row 418,ORL,caaa
duncati01,year,Row 419,SAS,caaa
duncati01,year,Row 420,SAS,caaa
duncati01,year,Row 421,SAS,caaa
duncati01,year,Row 422,SAS,caaa
duncati01,year,Row 423,SAS,caaa
duncati01,year,Row 424,SAS,caaa
eisleho01,year,Row 425,DAL,caaa
eisleho01,year,Row 426,DAL,caaa
eisleho01,year,Row 427,DAL,caaa
eisleho01,year,Row 428,DAL,caaa
eisleho01,year,Row 429,DAL,caaa
eisleho01,year,Row 430,DAL,caaa
eisleho01,year,Row 431,DAL,caaa
eisleho01,year,Row 432,DAL,caaa
eisleho01,year,Row 433,DAL,caaa
finlemi01,year,Row 434,DAL,caaa
finlemi01,year,Row 435,DAL,caaa
finlemi01,year,Row 436,DAL,caaa
finlemi01,year,Row 437,DAL,caaa
finlemi01,year,Row 438,DAL,caaa
finlemi01,year,Row 439,DAL,caaa
fishede01,year,Row 440,LAL,caaa
fishede01,year,Row 441,LAL,caaa
fishede01,year,Row 442,LAL,caaa
fishede01,year,Row 443,LAL,caaa
fishede01,year,Row 444,LAL,caaa
fishede01,year,Row 445,LAL,caaa
fortsda01,year,Row 446,GSW,caaa
fortsda01,year,Row 447,GSW,caaa
fortsda01,year,Row 448,GSW,caaa
fortsda01,year,Row 449,GSW,caaa
fortsda01,year,Row 450,GSW,caaa
fortsda01,year,Row 451,GSW,caaa
fosteje01,year,Row 452,IND,caaa
fosteje01,year,Row 453,IND,caaa
fosteje01,year,Row 454,IND,caaa
fosteje01,year,Row 455,IND,caaa
fosteje01,year,Row 456,IND,caaa
fosteje01,year,Row 457,IND,caaa
foylead01,year,Row 458,GSW,caaa
foylead01,year,Row 459,GSW,caaa
foylead01,year,Row 460,GSW,caaa
foylead01,year,Row 461,GSW,caaa
foylead01,year,Row 462,GSW,caaa
foylead01,year,Row 463,GSW,caaa
francst01,year,Row 464,HOU,caaa
francst01,year,Row 465,HOU,caaa
francst01,year,Row 466,HOU,caaa
francst01,year,Row 467,HOU,caaa
francst01,year,Row 468,HOU,caaa
francst01,year,Row 469,HOU,caaa
francst01,year,Row 470,HOU,caaa
garneke01,year,Row 471,MIN,caaa
garneke01,year,Row 472,MIN,caaa
garneke01,year,Row 473,MIN,caaa
garneke01,year,Row 474,MIN,caaa
garneke01,year,Row 475,MIN,caaa
garneke01,year,Row 476,MIN,caaa
garripa01,year,Row 477,ORL,caaa
garripa01,year,Row 478,ORL,caaa
garripa01,year,Row 479,ORL,caaa
garripa01,year,Row 480,ORL,caaa
garripa01,year,Row 481,ORL,caaa
garripa01,year,Row 482,ORL,caaa
georgde01,year,Row 483,LAL,caaa
georgde01,year,Row 484,LAL,caaa
georgde01,year,Row 485,LAL,caaa
georgde01,year,Row 486,LAL,caaa
georgde01,year,Row 487,LAL,caaa
georgde01,year,Row 488,LAL,caaa
giricgo01,year,Row 489,ORL,caad
giricgo01,year,Row 490,ORL,caad
giricgo01,year,Row 491,ORL,caad
giricgo01,year,Row 492,ORL,caad
giricgo01,year,Row 493,ORL,caad
giricgo01,year,Row 494,ORL,caad
giricgo01,year,Row 495,ORL,caad
glovedi01,year,Row 496,ATL,caaa
glovedi01,year,Row 497,ATL,caaa
glovedi01,year,Row 498,ATL,caaa
glovedi01,year,Row 499,ATL,caaa
glovedi01,year,Row 500,ATL,caaa
glovedi01,year,Row 501,ATL,caaa
glovedi01,year,Row 502,ATL,caaa
goldwan01,year,Row 503,MIN,caad
goldwan01,year,Row 504,MIN,caad
goldwan01,year,Row 505,MIN,caad
goldwan01,year,Row 506,MIN,caad
goldwan01,year,Row 507,MIN,caad
goldwan01,year,Row 508,MIN,caad
goldwan01,year,Row 509,MIN,caad
goldwan01,year,Row 510,MIN,caad
goldwan01,year,Row 511,MIN,caad
goldwan01,year,Row 512,MIN,caad
grantbr01,year,Row 513,MIA,caaa
grantbr01,year,Row 514,MIA,caaa
grantbr01,year,Row 515,MIA,caaa
grantbr01,year,Row 516,MIA,caaa
grantbr01,year,Row 517,MIA,caaa
grantbr01,year,Row 518,MIA,caaa
griffad01,year,Row 519,BOS,caaa
griffad01,year,Row 520,BOS,caaa
griffad01,year,Row 521,BOS,caaa
griffad01,year,Row 522,BOS,caaa
griffad01,year,Row 523,BOS,caaa
griffad01,year,Row 524,BOS,caaa
guglito01,year,Row 525,PHO,caaa
guglito01,year,Row 526,PHO,caaa
guglito01,year,Row 527,PHO,caaa
guglito01,year,Row 528,PHO,caaa
guglito01,year,Row 529,PHO,caaa
guglito01,year,Row 530,PHO,caaa
guglito01,year,Row 531,PHO,caaa
guglito01,year,Row 532,PHO,caaa
guglito01,year,Row 533,PHO,caaa
hamilri01,year,Row 534,WAS,caaa
hamilri01,year,Row 535,WAS,caaa
hamilri01,year,Row 536,WAS,caaa
hamilri01,year,Row 537,WAS,caaa
hamilri01,year,Row 538,WAS,caaa
hamilri01,year,Row 539,WAS,caaa
hamilze01,year,Row 540,DEN,caab
hamilze01,year,Row 541,DEN,caab
hamilze01,year,Row 542,DEN,caab
hamilze01,year,Row 543,DEN,caab
hamilze01,year,Row 544,DEN,caab
hamilze01,year,Row 545,DEN,caab
hardaan01,year,Row 546,PHO,caaa
hardaan01,year,Row 547,PHO,caaa
hardaan01,year,Row 548,PHO,caaa
hardaan01,year,Row 549,PHO,caaa
hardaan01,year,Row 550,PHO,caaa
hardaan01,year,Row 551,PHO,caaa
hardaan01,year,Row 552,PHO,caaa
hardaan01,year,Row 553,PHO,caaa
harprma01,year,Row 554,CLE,caaa
harprma01,year,Row 555,CLE,caaa
harprma01,year,Row 556,CLE,caaa
harprma01,year,Row 557,CLE,caaa
harprma01,year,Row 558,CLE,caaa
harprma01,year,Row 559,CLE,caaa
harrial01,year,Row 560,IND,caaa
harrial01,year,Row 561,IND,caaa
harrial01,year,Row 562,IND,caaa
harrial01,year,Row 563,IND,caaa
harrial01,year,Row 564,IND,caaa
harrial01,year,Row 565,IND,caaa
harriot01,year,Row 566,VAN,caaa
harriot01,year,Row 567,VAN,caaa
harriot01,year,Row 568,VAN,caaa
harriot01,year,Row 569,VAN,caaa
harriot01,year,Row 570,VAN,caaa
harriot01,year,Row 571,VAN,caaa
harriot01,year,Row 572,VAN,caaa
harriot01,year,Row 573,VAN,caaa
harvedo01,year,Row 574,DAL,caab
harvedo01,year,Row 575,DAL,caab
harvedo01,year,Row 576,DAL,caab
harvedo01,year,Row 577,DAL,caab
harvedo01,year,Row 578,DAL,caab
harvedo01,year,Row 579,DAL,caab
harvedo01,year,Row 580,DAL,caab
harvedo01,year,Row 581,DAL,caab
hendeal01,year,Row 582,ATL,caaa
hendeal01,year,Row 583,ATL,caaa
hendeal01,year,Row 584,ATL,caaa
hendeal01,year,Row 585,ATL,caaa
hendeal01,year,Row 586,ATL,caaa
hendeal01,year,Row 587,ATL,caaa
hillty01,year,Row 588,PHI,caaa
hillty01,year,Row 589,PHI,caaa
hillty01,year,Row 590,PHI,caaa
hillty01,year,Row 591,PHI,caaa
hillty01,year,Row 592,PHI,caaa
hillty01,year,Row 593,PHI,caaa
horryro01,year,Row 594,LAL,caaa
horryro01,year,Row 595,LAL,caaa
horryro01,year,Row 596,LAL,caaa
horryro01,year,Row 597,LAL,caaa
horryro01,year,Row 598,LAL,caaa
horryro01,year,Row 599,LAL,caaa
houseed01,year,Row 600,MIA,caab
houseed01,year,Row 601,MIA,caab
houseed01,year,Row 602,MIA,caab
houseed01,year,Row 603,MIA,caab
houseed01,year,Row 604,MIA,caab
houseed01,year,Row 605,MIA,caab
houseed01,year,Row 606,MIA,caab
houseed01,year,Row 607,MIA,caab
houseed01,year,Row 608,MIA,caab
howarju01,year,Row 609,WAS,caaa
howarju01,year,Row 610,WAS,caaa
howarju01,year,Row 611,WAS,caaa
howarju01,year,Row 612,WAS,caaa
howarju01,year,Row 613,WAS,caaa
howarju01,year,Row 614,WAS,caaa
howarju01,year,Row 615,WAS,caaa
howarju01,year,Row 616,WAS,caaa
howarju01,year,Row 617,WAS,caaa
howarju01,year,Row 618,WAS,caaa
howarju01,year,Row 619,WAS,caaa
hudsotr01,year,Row 620,ORL,caaa
hudsotr01,year,Row 621,ORL,caaa
hudsotr01,year,Row 622,ORL,caaa
hudsotr01,year,Row 623,ORL,caaa
hudsotr01,year,Row 624,ORL,caaa
hudsotr01,year,Row 625,ORL,caaa
hughela01,year,Row 626,GSW,caaa
hughela01,year,Row 627,GSW,caaa
hughela01,year,Row 628,GSW,caaa
hughela01,year,Row 629,GSW,caaa
hughela01,year,Row 630,GSW,caaa
hughela01,year,Row 631,GSW,caaa
hughela01,year,Row 632,GSW,caaa
hunteli01,year,Row 633,MIL,caaa
hunteli01,year,Row 634,MIL,caaa
hunteli01,year,Row 635,MIL,caaa
hunteli01,year,Row 636,MIL,caaa
hunteli01,year,Row 637,MIL,caaa
hunteli01,year,Row 638,MIL,caaa
iversal01,year,Row 639,PHI,caaa
iversal01,year,Row 640,PHI,caaa
iversal01,year,Row 641,PHI,caaa
iversal01,year,Row 642,PHI,caaa
iversal01,year,Row 643,PHI,caaa
iversal01,year,Row 644,PHI,caaa
jacksbo01,year,Row 645,SAC,caaa
jacksbo01,year,Row 646,SAC,caaa
jacksbo01,year,Row 647,SAC,caaa
jacksbo01,year,Row 648,SAC,caaa
jacksbo01,year,Row 649,SAC,caaa
jacksbo01,year,Row 650,SAC,caaa
jacksji01,year,Row 651,ATL,caaa
jacksji01,year,Row 652,ATL,caaa
jacksji01,year,Row 653,ATL,caaa
jacksji01,year,Row 654,ATL,caaa
jacksji01,year,Row 655,ATL,caaa
jacksji01,year,Row 656,ATL,caaa
jacksji01,year,Row 657,ATL,caaa
jacksji01,year,Row 658,ATL,caaa
jacksji01,year,Row 659,ATL,caaa
jacksji01,year,Row 660,ATL,caaa
jacksji01,year,Row 661,ATL,caaa
jacksji01,year,Row 662,ATL,caaa
jacksma01,year,Row 663,TOR,caaa
jacksma01,year,Row 664,TOR,caaa
jacksma01,year,Row 665,TOR,caaa
jacksma01,year,Row 666,TOR,caaa
jacksma01,year,Row 667,TOR,caaa
jacksma01,year,Row 668,TOR,caaa
jacksma02,year,Row 669,GSW,caab
jacksma02,year,Row 670,GSW,caab
jacksma02,year,Row 671,GSW,caab
jacksma02,year,Row 672,GSW,caab
jacksma02,year,Row 673,GSW,caab
jacksma02,year,Row 674,GSW,caab
jacksma02,year,Row 675,GSW,caab
jacksma02,year,Row 676,GSW,caab
jamesmi01,year,Row 677,MIA,caac
jamesmi01,year,Row 678,MIA,caac
jamesmi01,year,Row 679,MIA,caac
jamesmi01,year,Row 680,MIA,caac
jamesmi01,year,Row 681,MIA,caac
jamesmi01,year,Row 682,MIA,caac
jamesmi01,year,Row 683,MIA,caac
jamesmi01,year,Row 684,MIA,caac
jamesmi01,year,Row 685,MIA,caac
jamisan01,year,Row 686,GSW,caaa
jamisan01,year,Row 687,GSW,caaa
jamisan01,year,Row 688,GSW,caaa
jamisan01,year,Row 689,GSW,caaa
jamisan01,year,Row 690,GSW,caaa
jamisan01,year,Row 691,GSW,caaa
johnsan02,year,Row 692,ATL,caaa
johnsan02,year,Row 693,ATL,caaa
johnsan02,year,Row 694,ATL,caaa
johnsan02,year,Row 695,ATL,caaa
johnsan02,year,Row 696,ATL,caaa
johnsan02,year,Row 697,ATL,caaa
johnsan02,year,Row 698,ATL,caaa
johnsan02,year,Row 699,ATL,caaa
johnsan02,year,Row 700,ATL,caaa
johnsan02,year,Row 701,ATL,caaa
johnsav01,year,Row 702,SAS,caaa
johnsav01,year,Row 703,SAS,caaa
johnsav01,year,Row 704,SAS,caaa
johnsav01,year,Row 705,SAS,caaa
johnsav01,year,Row 706,SAS,caaa
johnsav01,year,Row 707,SAS,caaa
johnser02,year,Row 708,MIL,caaa
johnser02,year,Row 709,MIL,caaa
johnser02,year,Row 710,MIL,caaa
johnser02,year,Row 711,MIL,caaa
johnser02,year,Row 712,MIL,caaa
johnser02,year,Row 713,MIL,caaa
jonesda01,year,Row 714,VAN,caaa
jonesda01,year,Row 715,VAN,caaa
jonesda01,year,Row 716,VAN,caaa
jonesda01,year,Row 717,VAN,caaa
jonesda01,year,Row 718,VAN,caaa
jonesda01,year,Row 719,VAN,caaa
jonesda01,year,Row 720,VAN,caaa
jonesed02,year,Row 721,MIA,caaa
jonesed02,year,Row 722,MIA,caaa
jonesed02,year,Row 723,MIA,caaa
jonesed02,year,Row 724,MIA,caaa
jonesed02,year,Row 725,MIA,caaa
jonesed02,year,Row 726,MIA,caaa
jonesju01,year,Row 727,PHI,caaa
jonesju01,year,Row 728,PHI,caaa
jonesju01,year,Row 729,PHI,caaa
jonesju01,year,Row 730,PHI,caaa
jonesju01,year,Row 731,PHI,caaa
jonesju01,year,Row 732,PHI,caaa
kiddja01,year,Row 733,PHO,caaa
kiddja01,year,Row 734,PHO,caaa
kiddja01,year,Row 735,PHO,caaa
kiddja01,year,Row 736,PHO,caaa
kiddja01,year,Row 737,PHO,caaa
kiddja01,year,Row 738,PHO,caaa
knighbr01,year,Row 739,CLE,caaa
knighbr01,year,Row 740,CLE,caaa
knighbr01,year,Row 741,CLE,caaa
knighbr01,year,Row 742,CLE,caaa
knighbr01,year,Row 743,CLE,caaa
knighbr01,year,Row 744,CLE,caaa
knighbr01,year,Row 745,CLE,caaa
knighbr01,year,Row 746,CLE,caaa
knighbr01,year,Row 747,CLE,caaa
knighbr01,year,Row 748,CLE,caaa
knighbr01,year,Row 749,CLE,caaa
knighbr01,year,Row 750,CLE,caaa
kukocto01,year,Row 751,PHI,caaa
kukocto01,year,Row 752,PHI,caaa
kukocto01,year,Row 753,PHI,caaa
kukocto01,year,Row 754,PHI,caaa
kukocto01,year,Row 755,PHI,caaa
kukocto01,year,Row 756,PHI,caaa
kukocto01,year,Row 757,PHI,caaa
kukocto01,year,Row 758,PHI,caaa
kukocto01,year,Row 759,PHI,caaa
kukocto01,year,Row 760,PHI,caaa
laettch01,year,Row 761,DAL,caaa
laettch01,year,Row 762,DAL,caaa
laettch01,year,Row 763,DAL,caaa
laettch01,year,Row 764,DAL,caaa
laettch01,year,Row 765,DAL,caaa
laettch01,year,Row 766,DAL,caaa
laettch01,year,Row 767,DAL,caaa
lafrera01,year,Row 768,DEN,caaa
lafrera01,year,Row 769,DEN,caaa
lafrera01,year,Row 770,DEN,caaa
lafrera01,year,Row 771,DEN,caaa
lafrera01,year,Row 772,DEN,caaa
lafrera01,year,Row 773,DEN,caaa
lafrera01,year,Row 774,DEN,caaa
lafrera01,year,Row 775,DEN,caaa
lampema01,year,Row 776,PHO,caae
lampema01,year,Row 777,PHO,caae
lampema01,year,Row 778,PHO,caae
lampema01,year,Row 779,PHO,caae
lampema01,year,Row 780,PHO,caae
lampema01,year,Row 781,PHO,caae
lenarvo01,year,Row 782,DEN,caaa
lenarvo01,year,Row 783,DEN,caaa
lenarvo01,year,Row 784,DEN,caaa
lenarvo01,year,Row 785,DEN,caaa
lenarvo01,year,Row 786,DEN,caaa
lenarvo01,year,Row 787,DEN,caaa
lenarvo01,year,Row 788,DEN,caaa
lewisra02,year,Row 789,SEA,caaa
lewisra02,year,Row 790,SEA,caaa
lewisra02,year,Row 791,SEA,caaa
lewisra02,year,Row 792,SEA,caaa
lewisra02,year,Row 793,SEA,caaa
lewisra02,year,Row 794,SEA,caaa
livinra01,year,Row 795,GSW,caaa
livinra01,year,Row 796,GSW,caaa
livinra01,year,Row 797,GSW,caaa
livinra01,year,Row 798,GSW,caaa
livinra01,year,Row 799,GSW,caaa
livinra01,year,Row 800,GSW,caaa
luety01,year,Row 801,LAL,caaa
luety01,year,Row 802,LAL,caaa
luety01,year,Row 803,LAL,caaa
luety01,year,Row 804,LAL,caaa
luety01,year,Row 805,LAL,caaa
luety01,year,Row 806,LAL,caaa
luety01,year,Row 807,LAL,caaa
luety01,year,Row 808,LAL,caaa
maggeco01,year,Row 809,LAC,caaa
maggeco01,year,Row 810,LAC,caaa
maggeco01,year,Row 811,LAC,caaa
maggeco01,year,Row 812,LAC,caaa
maggeco01,year,Row 813,LAC,caaa
maggeco01,year,Row 814,LAC,caaa
marbust01,year,Row 815,NJN,caaa
marbust01,year,Row 816,NJN,caaa
marbust01,year,Row 817,NJN,caaa
marbust01,year,Row 818,NJN,caaa
marbust01,year,Row 819,NJN,caaa
marbust01,year,Row 820,NJN,caaa
marbust01,year,Row 821,NJN,caaa
marbust01,year,Row 822,NJN,caaa
mariosh01,year,Row 823,PHO,caaa
mariosh01,year,Row 824,PHO,caaa
mariosh01,year,Row 825,PHO,caaa
mariosh01,year,Row 826,PHO,caaa
mariosh01,year,Row 827,PHO,caaa
mariosh01,year,Row 828,PHO,caaa
marshdo01,year,Row 829,UTA,caaa
marshdo01,year,Row 830,UTA,caaa
marshdo01,year,Row 831,UTA,caaa
marshdo01,year,Row 832,UTA,caaa
marshdo01,year,Row 833,UTA,caaa
marshdo01,year,Row 834,UTA,caaa
marshdo01,year,Row 835,UTA,caaa
marshdo01,year,Row 836,UTA,caaa
masonde01,year,Row 837,SEA,caab
masonde01,year,Row 838,SEA,caab
masonde01,year,Row 839,SEA,caab
masonde01,year,Row 840,SEA,caab
masonde01,year,Row 841,SEA,caab
masonde01,year,Row 842,SEA,caab
masonde01,year,Row 843,SEA,caab
mccarwa01,year,Row 844,BOS,caaa
mccarwa01,year,Row 845,BOS,caaa
mccarwa01,year,Row 846,BOS,caaa
mccarwa01,year,Row 847,BOS,caaa
mccarwa01,year,Row 848,BOS,caaa
mccarwa01,year,Row 849,BOS,caaa
mccarwa01,year,Row 850,BOS,caaa
mccarwa01,year,Row 851,BOS,caaa
mcgratr01,year,Row 852,ORL,caaa
mcgratr01,year,Row 853,ORL,caaa
mcgratr01,year,Row 854,ORL,caaa
mcgratr01,year,Row 855,ORL,caaa
mcgratr01,year,Row 856,ORL,caaa
mcgratr01,year,Row 857,ORL,caaa
mcinnje01,year,Row 858,LAC,caaa
mcinnje01,year,Row 859,LAC,caaa
mcinnje01,year,Row 860,LAC,caaa
mcinnje01,year,Row 861,LAC,caaa
mcinnje01,year,Row 862,LAC,caaa
mcinnje01,year,Row 863,LAC,caaa
mcinnje01,year,Row 864,LAC,caaa
mcinnje01,year,Row 865,LAC,caaa
mckieaa01,year,Row 866,PHI,caaa
mckieaa01,year,Row 867,PHI,caaa
mckieaa01,year,Row 868,PHI,caaa
mckieaa01,year,Row 869,PHI,caaa
mckieaa01,year,Row 870,PHI,caaa
mckieaa01,year,Row 871,PHI,caaa
mercero01,year,Row 872,CHI,caaa
mercero01,year,Row 873,CHI,caaa
mercero01,year,Row 874,CHI,caaa
mercero01,year,Row 875,CHI,caaa
mercero01,year,Row 876,CHI,caaa
mercero01,year,Row 877,CHI,caaa
mercero01,year,Row 878,CHI,caaa
mercero01,year,Row 879,CHI,caaa
mihmch01,year,Row 880,CLE,caab
mihmch01,year,Row 881,CLE,caab
mihmch01,year,Row 882,CLE,caab
mihmch01,year,Row 883,CLE,caab
mihmch01,year,Row 884,CLE,caab
mihmch01,year,Row 885,CLE,caab
mihmch01,year,Row 886,CLE,caab
milesda01,year,Row 887,LAC,caab
milesda01,year,Row 888,LAC,caab
milesda01,year,Row 889,LAC,caab
milesda01,year,Row 890,LAC,caab
milesda01,year,Row 891,LAC,caab
milesda01,year,Row 892,LAC,caab
milesda01,year,Row 893,LAC,caab
millean02,year,Row 894,CLE,caaa
millean02,year,Row 895,CLE,caaa
millean02,year,Row 896,CLE,caaa
millean02,year,Row 897,CLE,caaa
millean02,year,Row 898,CLE,caaa
millean02,year,Row 899,CLE,caaa
millebr01,year,Row 900,CHI,caaa
millebr01,year,Row 901,CHI,caaa
millebr01,year,Row 902,CHI,caaa
millebr01,year,Row 903,CHI,caaa
millebr01,year,Row 904,CHI,caaa
millebr01,year,Row 905,CHI,caaa
millebr01,year,Row 906,CHI,caaa
millebr01,year,Row 907,CHI,caaa
millemi01,year,Row 908,ORL,caab
millemi01,year,Row 909,ORL,caab
millemi01,year,Row 910,ORL,caab
millemi01,year,Row 911,ORL,caab
millemi01,year,Row 912,ORL,caab
millemi01,year,Row 913,ORL,caab
millemi01,year,Row 914,ORL,caab
moblecu01,year,Row 915,HOU,caaa
moblecu01,year,Row 916,HOU,caaa
moblecu01,year,Row 917,HOU,caaa
moblecu01,year,Row 918,HOU,caaa
moblecu01,year,Row 919,HOU,caaa
moblecu01,year,Row 920,HOU,caaa
moblecu01,year,Row 921,HOU,caaa
moblecu01,year,Row 922,HOU,caaa
mohamna01,year,Row 923,PHI,caaa
mohamna01,year,Row 924,PHI,caaa
mohamna01,year,Row 925,PHI,caaa
mohamna01,year,Row 926,PHI,caaa
mohamna01,year,Row 927,PHI,caaa
mohamna01,year,Row 928,PHI,caaa
mohamna01,year,Row 929,PHI,caaa
mohamna01,year,Row 930,PHI,caaa
mohamna01,year,Row 931,PHI,caaa
mohamna01,year,Row 932,PHI,caaa
mohamna01,year,Row 933,PHI,caaa
mohamna01,year,Row 934,PHI,caaa
mohamna01,year,Row 935,PHI,caaa
moisoje01,year,Row 936,CHH,caab
moisoje01,year,Row 937,CHH,caab
moisoje01,year,Row 938,CHH,caab
moisoje01,year,Row 939,CHH,caab
moisoje01,year,Row 940,CHH,caab
moisoje01,year,Row 941,CHH,caab
mooremi01,year,Row 942,DET,caaa
mooremi01,year,Row 943,DET,caaa
mooremi01,year,Row 944,DET,caaa
mooremi01,year,Row 945,DET,caaa
mooremi01,year,Row 946,DET,caaa
mooremi01,year,Row 947,DET,caaa
mooremi01,year,Row 948,DET,caaa
mooremi01,year,Row 949,DET,caaa
mooremi01,year,Row 950,DET,caaa
mooremi01,year,Row 951,DET,caaa
mooremi01,year,Row 952,DET,caaa
mournal01,year,Row 953,MIA,caaa
mournal01,year,Row 954,MIA,caaa
mournal01,year,Row 955,MIA,caaa
mournal01,year,Row 956,MIA,caaa
mournal01,year,Row 957,MIA,caaa
mournal01,year,Row 958,MIA,caaa
murratr01,year,Row 959,DEN,caaa
murratr01,year,Row 960,DEN,caaa
murratr01,year,Row 961,DEN,caaa
murratr01,year,Row 962,DEN,caaa
murratr01,year,Row 963,DEN,caaa
murratr01,year,Row 964,DEN,caaa
mutomdi01,year,Row 965,ATL,caaa
mutomdi01,year,Row 966,ATL,caaa
mutomdi01,year,Row 967,ATL,caaa
mutomdi01,year,Row 968,ATL,caaa
mutomdi01,year,Row 969,ATL,caaa
mutomdi01,year,Row 970,ATL,caaa
mutomdi01,year,Row 971,ATL,caaa
mutomdi01,year,Row 972,ATL,caaa
nachbbo01,year,Row 973,HOU,caad
nachbbo01,year,Row 974,HOU,caad
nachbbo01,year,Row 975,HOU,caad
nachbbo01,year,Row 976,HOU,caad
nachbbo01,year,Row 977,HOU,caad
nachbbo01,year,Row 978,HOU,caad
nachbbo01,year,Row 979,HOU,caad
nailole01,year,Row 980,CHH,caab
nailole01,year,Row 981,CHH,caab
nailole01,year,Row 982,CHH,caab
nailole01,year,Row 983,CHH,caab
nailole01,year,Row 984,CHH,caab
nailole01,year,Row 985,CHH,caab
nailole01,year,Row 986,CHH,caab
nailole01,year,Row 987,CHH,caab
nailole01,year,Row 988,CHH,caab
najered01,year,Row 989,DAL,caab
najered01,year,Row 990,DAL,caab
najered01,year,Row 991,DAL,caab
najered01,year,Row 992,DAL,caab
najered01,year,Row 993,DAL,caab
najered01,year,Row 994,DAL,caab
najered01,year,Row 995,DAL,caab
nashst01,year,Row 996,DAL,caaa
nashst01,year,Row 997,DAL,caaa
nashst01,year,Row 998,DAL,caaa
nashst01,year,Row 999,DAL,caaa
nashst01,year,Row 1000,DAL,caaa
nashst01,year,Row 1001,DAL,caaa
ndiayma02,year,Row 1002,TOR,caab
ndiayma02,year,Row 1003,TOR,caab
ndiayma02,year,Row 1004,TOR,caab
ndiayma02,year,Row 1005,TOR,caab
ndiayma02,year,Row 1006,TOR,caab
ndiayma02,year,Row 1007,TOR,caab
nestera01,year,Row 1008,MIN,caaa
nestera01,year,Row 1009,MIN,caaa
nestera01,year,Row 1010,MIN,caaa
nestera01,year,Row 1011,MIN,caaa
nestera01,year,Row 1012,MIN,caaa
nestera01,year,Row 1013,MIN,caaa
norrimo01,year,Row 1014,HOU,caaa
norrimo01,year,Row 1015,HOU,caaa
norrimo01,year,Row 1016,HOU,caaa
norrimo01,year,Row 1017,HOU,caaa
norrimo01,year,Row 1018,HOU,caaa
norrimo01,year,Row 1019,HOU,caaa
norrimo01,year,Row 1020,HOU,caaa
norrimo01,year,Row 1021,HOU,caaa
norrimo01,year,Row 1022,HOU,caaa
norrimo01,year,Row 1023,HOU,caaa
norrimo01,year,Row 1024,HOU,caaa
norrimo01,year,Row 1025,HOU,caaa
norrimo01,year,Row 1026,HOU,caaa
nowitdi01,year,Row 1027,DAL,caaa
nowitdi01,year,Row 1028,DAL,caaa
nowitdi01,year,Row 1029,DAL,caaa
nowitdi01,year,Row 1030,DAL,caaa
nowitdi01,year,Row 1031,DAL,caaa
nowitdi01,year,Row 1032,DAL,caaa
odomla01,year,Row 1033,LAC,caaa
odomla01,year,Row 1034,LAC,caaa
odomla01,year,Row 1035,LAC,caaa
odomla01,year,Row 1036,LAC,caaa
odomla01,year,Row 1037,LAC,caaa
odomla01,year,Row 1038,LAC,caaa
ollieke01,year,Row 1039,NJN,caaa
ollieke01,year,Row 1040,NJN,caaa
ollieke01,year,Row 1041,NJN,caaa
ollieke01,year,Row 1042,NJN,caaa
ollieke01,year,Row 1043,NJN,caaa
ollieke01,year,Row 1044,NJN,caaa
ollieke01,year,Row 1045,NJN,caaa
ollieke01,year,Row 1046,NJN,caaa
ollieke01,year,Row 1047,NJN,caaa
ollieke01,year,Row 1048,NJN,caaa
ollieke01,year,Row 1049,NJN,caaa
ollieke01,year,Row 1050,NJN,caaa
ollieke01,year,Row 1051,NJN,caaa
ollieke01,year,Row 1052,NJN,caaa
olowomi01,year,Row 1053,LAC,caaa
olowomi01,year,Row 1054,LAC,caaa
olowomi01,year,Row 1055,LAC,caaa
olowomi01,year,Row 1056,LAC,caaa
olowomi01,year,Row 1057,LAC,caaa
olowomi01,year,Row 1058,LAC,caaa
olowomi01,year,Row 1059,LAC,caaa
onealje01,year,Row 1060,IND,caaa
onealje01,year,Row 1061,IND,caaa
onealje01,year,Row 1062,IND,caaa
onealje01,year,Row 1063,IND,caaa
onealje01,year,Row 1064,IND,caaa
onealje01,year,Row 1065,IND,caaa
onealsh01,year,Row 1066,LAL,caaa
onealsh01,year,Row 1067,LAL,caaa
onealsh01,year,Row 1068,LAL,caaa
onealsh01,year,Row 1069,LAL,caaa
onealsh01,year,Row 1070,LAL,caaa
onealsh01,year,Row 1071,LAL,caaa
ostergr01,year,Row 1072,UTA,caaa
ostergr01,year,Row 1073,UTA,caaa
ostergr01,year,Row 1074,UTA,caaa
ostergr01,year,Row 1075,UTA,caaa
ostergr01,year,Row 1076,UTA,caaa
ostergr01,year,Row 1077,UTA,caaa
outlabo01,year,Row 1078,ORL,caaa
outlabo01,year,Row 1079,ORL,caaa
outlabo01,year,Row 1080,ORL,caaa
outlabo01,year,Row 1081,ORL,caaa
outlabo01,year,Row 1082,ORL,caaa
outlabo01,year,Row 1083,ORL,caaa
outlabo01,year,Row 1084,ORL,caaa
outlabo01,year,Row 1085,ORL,caaa
overtdo01,year,Row 1086,BOS,caaa
overtdo01,year,Row 1087,BOS,caaa
overtdo01,year,Row 1088,BOS,caaa
overtdo01,year,Row 1089,BOS,caaa
overtdo01,year,Row 1090,BOS,caaa
overtdo01,year,Row 1091,BOS,caaa
padgesc01,year,Row 1092,UTA,caaa
padgesc01,year,Row 1093,UTA,caaa
padgesc01,year,Row 1094,UTA,caaa
padgesc01,year,Row 1095,UTA,caaa
padgesc01,year,Row 1096,UTA,caaa
padgesc01,year,Row 1097,UTA,caaa
palacmi01,year,Row 1098,BOS,caaa
palacmi01,year,Row 1099,BOS,caaa
palacmi01,year,Row 1100,BOS,caaa
palacmi01,year,Row 1101,BOS,caaa
palacmi01,year,Row 1102,BOS,caaa
palacmi01,year,Row 1103,BOS,caaa
palacmi01,year,Row 1104,BOS,caaa
palacmi01,year,Row 1105,BOS,caaa
pargoja01,year,Row 1106,LAL,caad
pargoja01,year,Row 1107,LAL,caad
pargoja01,year,Row 1108,LAL,caad
pargoja01,year,Row 1109,LAL,caad
pargoja01,year,Row 1110,LAL,caad
pargoja01,year,Row 1111,LAL,caad
pargoja01,year,Row 1112,LAL,caad
parksch02,year,Row 1113,WAS,caaa
parksch02,year,Row 1114,WAS,caaa
parksch02,year,Row 1115,WAS,caaa
parksch02,year,Row 1116,WAS,caaa
parksch02,year,Row 1117,WAS,caaa
parksch02,year,Row 1118,WAS,caaa
patteru01,year,Row 1119,SEA,caaa
patteru01,year,Row 1120,SEA,caaa
patteru01,year,Row 1121,SEA,caaa
patteru01,year,Row 1122,SEA,caaa
patteru01,year,Row 1123,SEA,caaa
patteru01,year,Row 1124,SEA,caaa
patteru01,year,Row 1125,SEA,caaa
paytoga01,year,Row 1126,SEA,caaa
paytoga01,year,Row 1127,SEA,caaa
paytoga01,year,Row 1128,SEA,caaa
paytoga01,year,Row 1129,SEA,caaa
paytoga01,year,Row 1130,SEA,caaa
paytoga01,year,Row 1131,SEA,caaa
paytoga01,year,Row 1132,SEA,caaa
paytoga01,year,Row 1133,SEA,caaa
persowe01,year,Row 1134,CLE,caaa
persowe01,year,Row 1135,CLE,caaa
persowe01,year,Row 1136,CLE,caaa
persowe01,year,Row 1137,CLE,caaa
persowe01,year,Row 1138,CLE,caaa
persowe01,year,Row 1139,CLE,caaa
persowe01,year,Row 1140,CLE,caaa
persowe01,year,Row 1141,CLE,caaa
persowe01,year,Row 1142,CLE,caaa
persowe01,year,Row 1143,CLE,caaa
persowe01,year,Row 1144,CLE,caaa
persowe01,year,Row 1145,CLE,caaa
piatker01,year,Row 1146,LAC,caaa
piatker01,year,Row 1147,LAC,caaa
piatker01,year,Row 1148,LAC,caaa
piatker01,year,Row 1149,LAC,caaa
piatker01,year,Row 1150,LAC,caaa
piatker01,year,Row 1151,LAC,caaa
piercpa01,year,Row 1152,BOS,caaa
piercpa01,year,Row 1153,BOS,caaa
piercpa01,year,Row 1154,BOS,caaa
piercpa01,year,Row 1155,BOS,caaa
piercpa01,year,Row 1156,BOS,caaa
piercpa01,year,Row 1157,BOS,caaa
pollasc01,year,Row 1158,SAC,caaa
pollasc01,year,Row 1159,SAC,caaa
pollasc01,year,Row 1160,SAC,caaa
pollasc01,year,Row 1161,SAC,caaa
pollasc01,year,Row 1162,SAC,caaa
pollasc01,year,Row 1163,SAC,caaa
poseyja01,year,Row 1164,DEN,caaa
poseyja01,year,Row 1165,DEN,caaa
poseyja01,year,Row 1166,DEN,caaa
poseyja01,year,Row 1167,DEN,caaa
poseyja01,year,Row 1168,DEN,caaa
poseyja01,year,Row 1169,DEN,caaa
poseyja01,year,Row 1170,DEN,caaa
poseyja01,year,Row 1171,DEN,caaa
potapvi01,year,Row 1172,BOS,caaa
potapvi01,year,Row 1173,BOS,caaa
potapvi01,year,Row 1174,BOS,caaa
potapvi01,year,Row 1175,BOS,caaa
potapvi01,year,Row 1176,BOS,caaa
potapvi01,year,Row 1177,BOS,caaa
potapvi01,year,Row 1178,BOS,caaa
przybjo01,year,Row 1179,MIL,caab
przybjo01,year,Row 1180,MIL,caab
przybjo01,year,Row 1181,MIL,caab
przybjo01,year,Row 1182,MIL,caab
przybjo01,year,Row 1183,MIL,caab
przybjo01,year,Row 1184,MIL,caab
przybjo01,year,Row 1185,MIL,caab
ratlith01,year,Row 1186,PHI,caaa
ratlith01,year,Row 1187,PHI,caaa
ratlith01,year,Row 1188,PHI,caaa
ratlith01,year,Row 1189,PHI,caaa
ratlith01,year,Row 1190,PHI,caaa
ratlith01,year,Row 1191,PHI,caaa
ratlith01,year,Row 1192,PHI,caaa
ratlith01,year,Row 1193,PHI,caaa
rebraze01,year,Row 1194,DET,caac
rebraze01,year,Row 1195,DET,caac
rebraze01,year,Row 1196,DET,caac
rebraze01,year,Row 1197,DET,caac
rebraze01,year,Row 1198,DET,caac
rebraze01,year,Row 1199,DET,caac
robincl02,year,Row 1200,PHO,caaa
robincl02,year,Row 1201,PHO,caaa
robincl02,year,Row 1202,PHO,caaa
robincl02,year,Row 1203,PHO,caaa
robincl02,year,Row 1204,PHO,caaa
robincl02,year,Row 1205,PHO,caaa
robincl02,year,Row 1206,PHO,caaa
robincl02,year,Row 1207,PHO,caaa
rogerro01,year,Row 1208,PHO,caaa
rogerro01,year,Row 1209,PHO,caaa
rogerro01,year,Row 1210,PHO,caaa
rogerro01,year,Row 1211,PHO,caaa
rogerro01,year,Row 1212,PHO,caaa
rogerro01,year,Row 1213,PHO,caaa
rogerro01,year,Row 1214,PHO,caaa
rogerro01,year,Row 1215,PHO,caaa
roseja01,year,Row 1216,IND,caaa
roseja01,year,Row 1217,IND,caaa
roseja01,year,Row 1218,IND,caaa
roseja01,year,Row 1219,IND,caaa
roseja01,year,Row 1220,IND,caaa
roseja01,year,Row 1221,IND,caaa
roseja01,year,Row 1222,IND,caaa
roseja01,year,Row 1223,IND,caaa
roseja01,year,Row 1224,IND,caaa
roseja01,year,Row 1225,IND,caaa
roseja01,year,Row 1226,IND,caaa
rosema01,year,Row 1227,SAS,caaa
rosema01,year,Row 1228,SAS,caaa
rosema01,year,Row 1229,SAS,caaa
rosema01,year,Row 1230,SAS,caaa
rosema01,year,Row 1231,SAS,caaa
rosema01,year,Row 1232,SAS,caaa
rosema01,year,Row 1233,SAS,caaa
rosema01,year,Row 1234,SAS,caaa
russebr01,year,Row 1235,UTA,caaa
russebr01,year,Row 1236,UTA,caaa
russebr01,year,Row 1237,UTA,caaa
russebr01,year,Row 1238,UTA,caaa
russebr01,year,Row 1239,UTA,caaa
russebr01,year,Row 1240,UTA,caaa
skinnbr01,year,Row 1241,LAC,caaa
skinnbr01,year,Row 1242,LAC,caaa
skinnbr01,year,Row 1243,LAC,caaa
skinnbr01,year,Row 1244,LAC,caaa
skinnbr01,year,Row 1245,LAC,caaa
skinnbr01,year,Row 1246,LAC,caaa
skinnbr01,year,Row 1247,LAC,caaa
skinnbr01,year,Row 1248,LAC,caaa
skinnbr01,year,Row 1249,LAC,caaa
skinnbr01,year,Row 1250,LAC,caaa
smithjo02,year,Row 1251,DET,caaa
smithjo02,year,Row 1252,DET,caaa
smithjo02,year,Row 1253,DET,caaa
smithjo02,year,Row 1254,DET,caaa
smithjo02,year,Row 1255,DET,caaa
smithjo02,year,Row 1256,DET,caaa
smithst01,year,Row 1257,POR,caaa
smithst01,year,Row 1258,POR,caaa
smithst01,year,Row 1259,POR,caaa
smithst01,year,Row 1260,POR,caaa
smithst01,year,Row 1261,POR,caaa
smithst01,year,Row 1262,POR,caaa
snower01,year,Row 1263,PHI,caaa
snower01,year,Row 1264,PHI,caaa
snower01,year,Row 1265,PHI,caaa
snower01,year,Row 1266,PHI,caaa
snower01,year,Row 1267,PHI,caaa
snower01,year,Row 1268,PHI,caaa
stackje01,year,Row 1269,DET,caaa
stackje01,year,Row 1270,DET,caaa
stackje01,year,Row 1271,DET,caaa
stackje01,year,Row 1272,DET,caaa
stackje01,year,Row 1273,DET,caaa
stackje01,year,Row 1274,DET,caaa
stevede01,year,Row 1275,UTA,caab
stevede01,year,Row 1276,UTA,caab
stevede01,year,Row 1277,UTA,caab
stevede01,year,Row 1278,UTA,caab
stevede01,year,Row 1279,UTA,caab
stevede01,year,Row 1280,UTA,caab
stevede01,year,Row 1281,UTA,caab
stewami01,year,Row 1282,TOR,caaa
stewami01,year,Row 1283,TOR,caaa
stewami01,year,Row 1284,TOR,caaa
stewami01,year,Row 1285,TOR,caaa
stewami01,year,Row 1286,TOR,caaa
stewami01,year,Row 1287,TOR,caaa
stewami01,year,Row 1288,TOR,caaa
stojape01,year,Row 1289,SAC,caaa
stojape01,year,Row 1290,SAC,caaa
stojape01,year,Row 1291,SAC,caaa
stojape01,year,Row 1292,SAC,caaa
stojape01,year,Row 1293,SAC,caaa
stojape01,year,Row 1294,SAC,caaa
stojape01,year,Row 1295,SAC,caaa
stoudda01,year,Row 1296,POR,caaa
stoudda01,year,Row 1297,POR,caaa
stoudda01,year,Row 1298,POR,caaa
stoudda01,year,Row 1299,POR,caaa
stoudda01,year,Row 1300,POR,caaa
stoudda01,year,Row 1301,POR,caaa
stricer01,year,Row 1302,NYK,caaa
stricer01,year,Row 1303,NYK,caaa
stricer01,year,Row 1304,NYK,caaa
stricer01,year,Row 1305,NYK,caaa
stricer01,year,Row 1306,NYK,caaa
stricer01,year,Row 1307,NYK,caaa
stricer01,year,Row 1308,NYK,caaa
stricro02,year,Row 1309,WAS,caaa
stricro02,year,Row 1310,WAS,caaa
stricro02,year,Row 1311,WAS,caaa
stricro02,year,Row 1312,WAS,caaa
stricro02,year,Row 1313,WAS,caaa
stricro02,year,Row 1314,WAS,caaa
stricro02,year,Row 1315,WAS,caaa
stricro02,year,Row 1316,WAS,caaa
stricro02,year,Row 1317,WAS,caaa
sundobr01,year,Row 1318,IND,caaa
sundobr01,year,Row 1319,IND,caaa
sundobr01,year,Row 1320,IND,caaa
sundobr01,year,Row 1321,IND,caaa
sundobr01,year,Row 1322,IND,caaa
sundobr01,year,Row 1323,IND,caaa
sundobr01,year,Row 1324,IND,caaa
surabo01,year,Row 1325,GSW,caaa
surabo01,year,Row 1326,GSW,caaa
surabo01,year,Row 1327,GSW,caaa
surabo01,year,Row 1328,GSW,caaa
surabo01,year,Row 1329,GSW,caaa
surabo01,year,Row 1330,GSW,caaa
surabo01,year,Row 1331,GSW,caaa
szczewa02,year,Row 1332,MIN,caaa
szczewa02,year,Row 1333,MIN,caaa
szczewa02,year,Row 1334,MIN,caaa
szczewa02,year,Row 1335,MIN,caaa
szczewa02,year,Row 1336,MIN,caaa
szczewa02,year,Row 1337,MIN,caaa
szczewa02,year,Row 1338,MIN,caaa
tayloma01,year,Row 1339,HOU,caaa
tayloma01,year,Row 1340,HOU,caaa
tayloma01,year,Row 1341,HOU,caaa
tayloma01,year,Row 1342,HOU,caaa
tayloma01,year,Row 1343,HOU,caaa
tayloma01,year,Row 1344,HOU,caaa
terryja01,year,Row 1345,ATL,caaa
terryja01,year,Row 1346,ATL,caaa
terryja01,year,Row 1347,ATL,caaa
terryja01,year,Row 1348,ATL,caaa
terryja01,year,Row 1349,ATL,caaa
terryja01,year,Row 1350,ATL,caaa
thomake01,year,Row 1351,HOU,caaa
thomake01,year,Row 1352,HOU,caaa
thomake01,year,Row 1353,HOU,caaa
thomake01,year,Row 1354,HOU,caaa
thomake01,year,Row 1355,HOU,caaa
thomake01,year,Row 1356,HOU,caaa
thomake01,year,Row 1357,HOU,caaa
thomake01,year,Row 1358,HOU,caaa
thomake01,year,Row 1359,HOU,caaa
thomake01,year,Row 1360,HOU,caaa
thomaku01,year,Row 1361,NYK,caaa
thomaku01,year,Row 1362,NYK,caaa
thomaku01,year,Row 1363,NYK,caaa
thomaku01,year,Row 1364,NYK,caaa
thomaku01,year,Row 1365,NYK,caaa
thomaku01,year,Row 1366,NYK,caaa
thomati01,year,Row 1367,MIL,caaa
thomati01,year,Row 1368,MIL,caaa
thomati01,year,Row 1369,MIL,caaa
thomati01,year,Row 1370,MIL,caaa
thomati01,year,Row 1371,MIL,caaa
thomati01,year,Row 1372,MIL,caaa
thomati01,year,Row 1373,MIL,caaa
thomati01,year,Row 1374,MIL,caaa
thomati01,year,Row 1375,MIL,caaa
tskitni01,year,Row 1376,DEN,caad
tskitni01,year,Row 1377,DEN,caad
tskitni01,year,Row 1378,DEN,caad
tskitni01,year,Row 1379,DEN,caad
tskitni01,year,Row 1380,DEN,caad
tskitni01,year,Row 1381,DEN,caad
tskitni01,year,Row 1382,DEN,caad
vanexni01,year,Row 1383,DEN,caaa
vanexni01,year,Row 1384,DEN,caaa
vanexni01,year,Row 1385,DEN,caaa
vanexni01,year,Row 1386,DEN,caaa
vanexni01,year,Row 1387,DEN,caaa
vanexni01,year,Row 1388,DEN,caaa
vanexni01,year,Row 1389,DEN,caaa
vanexni01,year,Row 1390,DEN,caaa
vanhoke01,year,Row 1391,NJN,caaa
vanhoke01,year,Row 1392,NJN,caaa
vanhoke01,year,Row 1393,NJN,caaa
vanhoke01,year,Row 1394,NJN,caaa
vanhoke01,year,Row 1395,NJN,caaa
vanhoke01,year,Row 1396,NJN,caaa
vanhoke01,year,Row 1397,NJN,caaa
vanhoke01,year,Row 1398,NJN,caaa
vanhoke01,year,Row 1399,NJN,caaa
vanhoke01,year,Row 1400,NJN,caaa
vanhoke01,year,Row 1401,NJN,caaa
vaughja01,year,Row 1402,UTA,caaa
vaughja01,year,Row 1403,UTA,caaa
vaughja01,year,Row 1404,UTA,caaa
vaughja01,year,Row 1405,UTA,caaa
vaughja01,year,Row 1406,UTA,caaa
vaughja01,year,Row 1407,UTA,caaa
walkean02,year,Row 1408,BOS,caaa
walkean02,year,Row 1409,BOS,caaa
walkean02,year,Row 1410,BOS,caaa
walkean02,year,Row 1411,BOS,caaa
walkean02,year,Row 1412,BOS,caaa
walkean02,year,Row 1413,BOS,caaa
walkean02,year,Row 1414,BOS,caaa
walkean02,year,Row 1415,BOS,caaa
walkesa01,year,Row 1416,SAS,caaa
walkesa01,year,Row 1417,SAS,caaa
walkesa01,year,Row 1418,SAS,caaa
walkesa01,year,Row 1419,SAS,caaa
walkesa01,year,Row 1420,SAS,caaa
walkesa01,year,Row 1421,SAS,caaa
wallabe01,year,Row 1422,DET,caaa
wallabe01,year,Row 1423,DET,caaa
wallabe01,year,Row 1424,DET,caaa
wallabe01,year,Row 1425,DET,caaa
wallabe01,year,Row 1426,DET,caaa
wallabe01,year,Row 1427,DET,caaa
wallara01,year,Row 1428,POR,caaa
wallara01,year,Row 1429,POR,caaa
wallara01,year,Row 1430,POR,caaa
wallara01,year,Row 1431,POR,caaa
wallara01,year,Row 1432,POR,caaa
wallara01,year,Row 1433,POR,caaa
wallara01,year,Row 1434,POR,caaa
wallara01,year,Row 1435,POR,caaa
wallara01,year,Row 1436,POR,caaa
wallara01,year,Row 1437,POR,caaa
wardch01,year,Row 1438,NYK,caaa
wardch01,year,Row 1439,NYK,caaa
wardch01,year,Row 1440,NYK,caaa
wardch01,year,Row 1441,NYK,caaa
wardch01,year,Row 1442,NYK,caaa
wardch01,year,Row 1443,NYK,caaa
wardch01,year,Row 1444,NYK,caaa
weathcl01,year,Row 1445,CLE,caaa
weathcl01,year,Row 1446,CLE,caaa
weathcl01,year,Row 1447,CLE,caaa
weathcl01,year,Row 1448,CLE,caaa
weathcl01,year,Row 1449,CLE,caaa
weathcl01,year,Row 1450,CLE,caaa
weathcl01,year,Row 1451,CLE,caaa
webbech01,year,Row 1452,SAC,caaa
webbech01,year,Row 1453,SAC,caaa
webbech01,year,Row 1454,SAC,caaa
webbech01,year,Row 1455,SAC,caaa
webbech01,year,Row 1456,SAC,caaa
webbech01,year,Row 1457,SAC,caaa
webbech01,year,Row 1458,SAC,caaa
webbech01,year,Row 1459,SAC,caaa
wellsbo01,year,Row 1460,POR,caaa
wellsbo01,year,Row 1461,POR,caaa
wellsbo01,year,Row 1462,POR,caaa
wellsbo01,year,Row 1463,POR,caaa
wellsbo01,year,Row 1464,POR,caaa
wellsbo01,year,Row 1465,POR,caaa
wellsbo01,year,Row 1466,POR,caaa
wellsbo01,year,Row 1467,POR,caaa
wesleda01,year,Row 1468,CHH,caaa
wesleda01,year,Row 1469,CHH,caaa
wesleda01,year,Row 1470,CHH,caaa
wesleda01,year,Row 1471,CHH,caaa
wesleda01,year,Row 1472,CHH,caaa
wesleda01,year,Row 1473,CHH,caaa
wesleda01,year,Row 1474,CHH,caaa
wesleda01,year,Row 1475,CHH,caaa
whiteja01,year,Row 1476,WAS,caaa
whiteja01,year,Row 1477,WAS,caaa
whiteja01,year,Row 1478,WAS,caaa
whiteja01,year,Row 1479,WAS,caaa
whiteja01,year,Row 1480,WAS,caaa
whiteja01,year,Row 1481,WAS,caaa
whiteja01,year,Row 1482,WAS,caaa
whitnch01,year,Row 1483,WAS,caaa
whitnch01,year,Row 1484,WAS,caaa
whitnch01,year,Row 1485,WAS,caaa
whitnch01,year,Row 1486,WAS,caaa
whitnch01,year,Row 1487,WAS,caaa
whitnch01,year,Row 1488,WAS,caaa
williaa01,year,Row 1489,NJN,caaa
williaa01,year,Row 1490,NJN,caaa
williaa01,year,Row 1491,NJN,caaa
williaa01,year,Row 1492,NJN,caaa
williaa01,year,Row 1493,NJN,caaa
williaa01,year,Row 1494,NJN,caaa
williaa01,year,Row 1495,NJN,caaa
williaa01,year,Row 1496,NJN,caaa
williaa01,year,Row 1497,NJN,caaa
williaa01,year,Row 1498,NJN,caaa
willico02,year,Row 1499,TOR,caaa
willico02,year,Row 1500,TOR,caaa
willico02,year,Row 1501,TOR,caaa
willico02,year,Row 1502,TOR,caaa
willico02,year,Row 1503,TOR,caaa
willico02,year,Row 1504,TOR,caaa
willico02,year,Row 1505,TOR,caaa
willico02,year,Row 1506,TOR,caaa
willico02,year,Row 1507,TOR,caaa
willico02,year,Row 1508,TOR,caaa
willier01,year,Row 1509,BOS,caaa
willier01,year,Row 1510,BOS,caaa
willier01,year,Row 1511,BOS,caaa
willier01,year,Row 1512,BOS,caaa
willier01,year,Row 1513,BOS,caaa
willier01,year,Row 1514,BOS,caaa
willier01,year,Row 1515,BOS,caaa
willier01,year,Row 1516,BOS,caaa
willier01,year,Row 1517,BOS,caaa
willier01,year,Row 1518,BOS,caaa
willier01,year,Row 1519,BOS,caaa
willija02,year,Row 1520,SAC,caaa
willija02,year,Row 1521,SAC,caaa
willija02,year,Row 1522,SAC,caaa
willija02,year,Row 1523,SAC,caaa
willija02,year,Row 1524,SAC,caaa
willija02,year,Row 1525,SAC,caaa
willije01,year,Row 1526,DET,caaa
willije01,year,Row 1527,DET,caaa
willije01,year,Row 1528,DET,caaa
willije01,year,Row 1529,DET,caaa
willije01,year,Row 1530,DET,caaa
willije01,year,Row 1531,DET,caaa
willije01,year,Row 1532,DET,caaa
willije01,year,Row 1533,DET,caaa
willije01,year,Row 1534,DET,caaa
willike02,year,Row 1535,TOR,caaa
willike02,year,Row 1536,TOR,caaa
willike02,year,Row 1537,TOR,caaa
willike02,year,Row 1538,TOR,caaa
willike02,year,Row 1539,TOR,caaa
willike02,year,Row 1540,TOR,caaa
willike02,year,Row 1541,TOR,caaa
willisc01,year,Row 1542,MIL,caaa
willisc01,year,Row 1543,MIL,caaa
willisc01,year,Row 1544,MIL,caaa
willisc01,year,Row 1545,MIL,caaa
willisc01,year,Row 1546,MIL,caaa
willisc01,year,Row 1547,MIL,caaa
willisc01,year,Row 1548,MIL,caaa
willish01,year,Row 1549,SEA,caaa
willish01,year,Row 1550,SEA,caaa
willish01,year,Row 1551,SEA,caaa
willish01,year,Row 1552,SEA,caaa
willish01,year,Row 1553,SEA,caaa
willish01,year,Row 1554,SEA,caaa
willish01,year,Row 1555,SEA,caaa
willish01,year,Row 1556,SEA,caaa
wrighlo02,year,Row 1557,ATL,caaa
wrighlo02,year,Row 1558,ATL,caaa
wrighlo02,year,Row 1559,ATL,caaa
wrighlo02,year,Row 1560,ATL,caaa
wrighlo02,year,Row 1561,ATL,caaa
wrighlo02,year,Row 1562,ATL,caaa
zhizhwa01,year,Row 1563,DAL,caab
zhizhwa01,year,Row 1564,DAL,caab
zhizhwa01,year,Row 1565,DAL,caab
zhizhwa01,year,Row 1566,DAL,caab
zhizhwa01,year,Row 1567,DAL,caab
zhizhwa01,year,Row 1568,DAL,caab